station_name,latitude,longitude,charging_power,total_slots,occupied_slots
Neelkanth Star DC Charging Station,29.6019,76.9803,60,5,1
Galleria DC Charging Station,28.4673,77.0818,50,11,3
Highway Xpress (Jaipur-Delhi) DC charging station,27.8751,76.276,50,10,1
Food Carnival DC Charging Station,29.3105,77.7218,50,7,4
Food Carnival AC Charging Station,29.3105,77.7218,50,10,6
Krishna Hansraj Hotel Una DC charging station ,31.4668,76.2568,50,5,7
SG Jabli DC Charging Station,30.879,76.9948,30,11,2
SG Jabli  AC Charging Station,30.879,76.9948,30,9,8
SG Karnal DC Charging Station,29.7379,76.9756,50,5,6
SG Karnal AC Charging Station,29.7379,76.9756,50,5,1
Neelkanth Star AC charging  station,29.6019,76.9803,60,6,0
Deep Brothers IOCL AC Charging Station,28.3861,77.0063,60,7,4
Synergy Solutions AC Charging Station 2,18.538,73.8485,30,10,8
IOCL Rajokri Station,28.5248,77.101,30,9,5
VEEV A2B Kallar,11.3217,76.9163,50,10,2
VEEV Sathya Nursery,11.33,76.9027,50,11,2
IOCL Nehru Nagar Station,28.5682,77.2531,50,10,3
IOCL Mathura Road,28.566,77.2664,30,10,5
IOCL Chahar AC Charging Station,28.456,77.001,60,5,2
Kothari Enterprises  AC1,18.7876,73.3475,60,11,3
Windlass River Valley AC Charging Station,30.2482,78.0961,30,6,4
Mindra Polar International AC Station,23.0158,72.5178,50,6,1
Lonavla Wax Museum DC Charging Station,18.763,73.4252,60,6,8
Heritage City AC Charging Station,28.4823,77.0766,60,5,3
Hotel Fairmont Jaipur AC Station,27.0307,75.8899,50,10,0
The Westin Pushkar AC Charger,26.4547,74.5046,50,6,5
WeWork Circle Demo,28.4632,77.049,50,10,4
Karma Lakelands AC Charger,28.3639,76.9607,50,5,9
Statiq RnD Centre AC Charging Station,28.4997,77.0839,60,6,4
JMD Gardens,28.4336,77.0349,50,11,7
Mindra Crispy Culture AC Charging Station,22.9989,72.5594,50,7,4
IOCL Dhaula Kuan Charging Station,28.5874,77.1713,50,5,0
Tellus Power DC Charging Station,17.0749,74.2227,30,5,4
RSTV Charging Hub Meerut,28.9955,77.7057,30,9,0
Synergy Solutions AC Charging Station 1,18.5145,73.8489,60,8,4
Inspacco Circle Station,18.5619,73.7718,30,7,4
Circle Test Station Goa,15.2735,73.959,60,7,7
Mindra D S Fasteners Charging Station,22.473,70.895,50,9,3
HP Mira Bhayandar DC Charging Station,19.2747,72.8856,50,5,0
HP Pitam Pura DC Charging Station,28.6962,77.155,60,6,9
HPCL Yapral DC Charging Station,17.502,78.539,60,11,7
HP Super Service DC Charging Station,18.9285,72.8255,60,7,6
Vrundavan Garden DC Charging Station Nashik,20.1704,73.8273,50,8,2
Ganpati Petro DC Charging Station Hisar,29.1332,75.7535,50,8,9
Ganpati Petro AC Charging Station Hisar,29.1332,75.7535,60,6,1
Ashnni Pilot Circle Station,16.8433,74.5859,60,9,7
AMC AC Charging Station,18.5808,73.7399,60,6,2
RSTV Saharanpur AC Charging Station,29.977,77.5753,60,11,1
Mindra EV Charger Shott,23.0436,72.4825,60,6,2
Highway King Behror Delhi Side DC Charging Station,27.9145,76.3146,30,11,8
Suket Cafe DC Charging Station Sundar Nagar,31.5153,76.8765,30,8,0
McDonald Gajraula DC Charging Station,28.8382,78.2764,50,6,8
Rani Bagh Resort DC Charging Station,26.125,74.3459,50,5,9
Mke Rental Circle Station,13.067,77.45,30,6,0
Waterwoods Lodge & Resort AC Charging Station,11.9377,76.2655,60,11,8
Kohinoor Altissimo Residential Tower,19.0246,72.8402,60,9,3
Hotel Pramila DC Charging Station Haridwar,29.9324,78.1423,30,9,4
P G Regency Resort Charging Station,18.0855,73.4309,50,5,5
Suket Cafe AC Charging Station Sundar Nagar,31.5153,76.8765,30,11,4
The Forum Fiza Mall AC Charging Station Mangalore,12.8576,74.8383,30,8,0
MSHSD Gojer Service Charging Station    ,12.8427,77.64,60,8,3
Evershine Mall Charging Station,19.1798,72.8361,30,7,2
HP Loyal Pump and Pantry Fuel Charging Station,17.4677,78.5641,50,9,2
Hotel Reddison Square Katra AC Charging Station,32.9867,74.9238,60,6,7
Hotel Mount View International AC Charging Station,32.9918,74.9306,60,11,7
Hotel Dolphin AC Charging Station,32.9892,74.9289,60,9,0
"DMIPL EV Charging Station, Ludhiana",30.8219,75.8668,60,10,5
Z Charging Station,22.3213,73.1881,30,10,8
VEEV Brookfields,11.0096,76.9589,50,9,1
Lake Pleasant Cottage Charging Station,29.3237,79.5921,50,10,0
Nandavan DC Charging Station Nagoan,18.6184,72.9004,60,9,9
Uniworld Garden Charging Station,28.4273,77.0389,30,6,5
Unnati Social Foundation,18.5948,73.7975,60,5,3
"HP PETROL PUMP - SAI PETROLEUM,MUMBAI",19.1709,73.0819,60,10,2
"ShriSamarth DC Charging Station, Beed",19.1779,76.168,30,5,7
CNV Enterprises - HP Petrol Pump,12.9653,77.7331,30,5,3
Unity Mall Charging Station Vasai,19.3593,72.8123,60,5,1
Advant IT Park DC Charging Station Noida,28.5007,77.4102,60,11,9
Trimurtys Ariana AC Charging Station,26.8312,75.8663,60,11,4
Nandi Park Apartments,12.8585,77.593,60,11,7
Crowne Plaza Jaipur,26.7797,75.8282,30,5,6
Pendse Garage AC Charging Station,18.1655,72.9929,30,6,9
Hans Resort DC Charging Station Rewari,28.1254,76.6368,50,9,7
Saviruchi Veg DC Charging Station Mysore,12.3847,77.0532,30,9,8
ElectriVA Test Station,28.6539,77.1905,60,7,0
Sarode Motors Ac EV Charging Station Nashik,19.9758,73.776,50,11,7
The Nile AdPod,28.4113,77.051,60,11,8
Hotel Daulat Nikol Fast Charging Station,20.2137,74.041,30,5,8
New Udaan Bhawan AdPod 1,28.553,77.0944,60,8,3
New Udaan Bhawan AdPod 2,28.5537,77.0943,50,11,0
TDPL EV Charging Station 1,26.9159,75.723,30,9,1
Hotel The Executive Inn AC Charging Station,19.7592,74.4763,50,9,6
Hotel Bliss County DC Charging Station,20.8292,74.7485,30,10,4
Savoy Suites Manesar,28.3664,76.9436,60,10,9
MV EV DC Charging Station,19.9883,72.7488,30,5,1
Jamoliwala AC Charging Station,78.0654,30.3886,50,11,2
TDPL EV Charging Station 2,26.8807,75.6143,50,8,1
Bhajan Singh Da Dhabha DC Charging Station,18.7005,73.6933,30,6,5
Hotel Prabhat Palace DC Charging Station,32.9899,74.9255,30,5,0
TSREDCO Test Charging Station,17.4123,78.4598,30,8,8
TSREDCO Test Charging Station 1,17.4125,78.4603,60,7,3
Mehak Garden Charging Station,29.528,75.1325,60,5,7
Savoy Suites Noida,28.5801,77.3152,60,9,1
Savoy Suites Greater Noida,28.4648,77.5084,60,8,8
Hotel Highway King Shahpura DC Charging Station,27.487,76.0523,60,10,1
Aman Hotel Kurukshetra DC Charging Station,30.2059,76.8575,30,7,2
Evershine Tower Jaipur DC Charging Station,26.9121,75.7433,60,9,9
Hotel Shree Veg Solapur DC Charging Station,18.3289,74.7794,60,8,5
Subway Alwar DC Charging Station,28.1967,76.8128,60,9,1
Asli Pappu Dhaba Kosi Kalan DC Charging Station,27.8327,77.4194,50,8,9
140% Veg Gulshan Dhaba Kotwan DC Charging Station,27.8468,77.4082,50,8,5
Synrgy Ebikes Charging Station,19.9705,73.7528,30,9,8
ChargePit eMobility Charging Station,18.5996,73.7809,60,7,5
MESCOM Shivamogga Charging Station 1,13.9419,75.5816,50,10,2
MESCOM Mudigere Charging Station,13.1459,75.6419,50,10,0
Karkala Charging Station,13.2244,74.9802,30,9,2
MESCOM Surathkal Charging Station,12.9875,74.8048,60,8,0
Kaup Charging Station,13.2338,74.7471,60,6,6
Bramavara Charging Station,13.4381,74.7433,60,11,6
Kundapura Charging Station,13.6186,74.6919,30,7,5
Manipal Charging Station,13.3334,74.7884,50,8,6
MESCOM Aldur Charging Station,13.3319,75.7731,60,6,8
Statiq RnD Centre DC Charging Station,28.4997,77.0839,30,6,2
Park Plaza Gurgaon DC Charging Station,28.4597,77.0758,60,5,3
PADMASHREE Charging Station,13.074,75.0025,50,10,6
Monsoon Breeze AdPod,28.3687,76.966,60,7,3
Decathlon Anubhava,13.169102,77.632018,50,6,9
Forum Shantiniketan,12.9892355,77.7279077,60,8,3
Park Square Mall,12.9872999191284,77.7363967895508,30,11,6
GT World Mall,12.9739999771118,77.551399230957,50,5,6
Orion Mall,13.011065,77.554534,60,5,1
Phoenix Market City,18.5619189099244,73.9166807269854,30,7,5
Phoenix Market City,12.9970998764038,77.6962966918945,30,6,2
Patel's Inn,13.0209071,77.5979841,60,5,7
Coco Jaunt 1728 - Anna Nagar,13.0902004241943,80.2174987792969,50,9,0
Infinitea,12.9689998626709,77.6361999511719,30,10,2
The Only Place,12.9730997085571,77.6033020019531,60,11,4
Fab Cafe,12.934100151062,77.5171966552734,30,8,3
The Moonshine Project restaurant Jubilee Hills,17.4141998291016,78.4076995849609,30,9,3
Almond House Banjara Hills,17.4270191,78.4434192,50,6,8
Go Native,12.922504,77.58476,60,10,9
TORQ92,13.057629,77.5871507,30,11,8
AtherSpace Indiranagar,12.9756002426147,77.6411972045898,30,9,4
Royal Airavatha,12.9223003387451,77.4954986572266,60,8,7
Kriyates - Thoraipakkam,12.924971,80.233677,50,8,3
Phoenix Market City - Velachery,12.9914084,80.2143054,60,9,6
Forum Vijaya Mall - Vadapalani,13.049952,80.209499,50,9,9
Ampa Skywalk,13.0734394,80.2214957,50,6,1
AtWorks - Guindy,13.0060668,80.1999835,30,10,1
Cafe Azzure,13.023563,77.635275,30,9,9
Almond House Kukatpally,17.485859,78.39042,30,5,8
Sarath City Capital Mall,17.456842,78.364575,30,9,8
Atherspace Chennai,13.060965,80.248509,30,11,2
Athergrid CP,28.633714,77.221904,60,11,9
The Bangalore Bakery,12.9941754,77.57121,30,7,6
Almond House SD Road,17.441011,78.503158,60,5,7
Chai Kahani - Sainikpuri,17.486819,78.5431269,30,11,2
"Swiss Castle, Vidyanagar",17.400595,78.508078,30,9,0
Bliss Bakery & Cafe,18.4788385,73.9013856,60,10,5
Flip Side,17.4139784,78.3275492,50,9,1
Taj Mahal Hotel,17.3916834,78.4766724,30,7,1
Sai Menaka Commercial Complex,13.098157,77.59673,60,11,6
IDC Kitchen,13.028052,77.572997,30,5,0
Kalinga Veg Gourmet Kitchen,18.5050103,73.8316238,60,9,8
CopaCabana,18.5887678,73.7825231,30,6,2
TamTree,18.5231567,73.8476929,50,10,0
KB's Woodlands,18.525182,73.8758609,50,9,7
"Sangeetha Mobiles, Chandra Layout",12.9607,77.529186,50,10,1
SPR CHENNAI FOOD COURT,13.0610823,80.1519339,60,11,1
VMR Squares,12.9500859,80.2365626,50,6,4
"Chai Kings, Porur",13.0370409,80.1398795,50,11,6
Ather Space Hyderabad,17.452666,78.380343,60,6,4
M's Street,12.9149592,80.1920666,60,10,9
Noma Talkies,17.447469,78.57175,60,5,3
Regenta Central Antarim,23.0331669,72.5568133,60,11,7
"French toast, Panampilly Nagar",9.960854,76.2939207,50,8,9
"French Toast, Kacheripady",9.9878416,76.2827333,30,6,2
Centre square mall,9.9779338,76.2808706,50,9,8
The Food Drama,23.044056,72.5099616,50,11,0
Tea Post - The Desi Cafe,23.04574,72.483755,60,9,2
Smarttron Automations,12.917819,77.64921,60,10,1
Blue Tokai Coffee,18.989356,72.825234,50,10,5
VR Chennai,13.0805465,80.197132,50,5,6
DSL Virtue Mall,17.3998101,78.5551167,30,6,6
Jogo Infinite,9.9447031,76.2925099,50,7,9
Sixth Avenue Cafe,11.2582475,75.7747771,30,7,9
Dr. Cafe,11.2698057,75.8436455,60,6,1
Cafe Kathaa,18.5207781331765,73.8405353264273,30,10,0
"Kumaran Silks, T Nagar",13.0406526,80.232646,30,7,6
Subway Aundh,18.5604818759678,73.8050409881093,50,5,3
"Chai Kings, Sai baba colony",11.0268889,76.9485693,60,7,3
Adani Shantigram,23.1606011,72.5427391,60,11,7
Mugs And Brews - Cafu00e9 Restaurant,11.0809942,76.9911489,60,6,0
"1944 The Hocco Kitchen, Vaishnodevi ",23.1347369,72.541765,60,6,3
Benjamin Bangalee,22.4668437,88.3111551,60,7,5
Richy Rich - Race course,10.9984009,76.9765316,30,7,3
Suba International,19.106207,72.860261,60,9,3
MCGM Parking || Runwal Anthurium,19.1806661685396,72.9468472363647,50,11,8
DLF Chennai,13.0223,80.1749,30,10,2
Kabra Metro One,19.1303012111998,72.8222972342668,30,8,1
Lumber Jack,18.4931152837874,73.8154865931648,60,5,6
AtherSpace Pune,18.5186726,73.8302965,50,6,6
OMAXE Gurgaon Mall,28.4109579,77.042484,30,9,0
MCGM Parking || Club Aquaria,19.2402364,72.8481819,50,5,3
Focus Mall,11.2586377,75.7857046,60,11,2
GM Cycle Parking Stand (Opp to sevai maiyyam),13.117155,80.09997,30,8,5
"Grand Mall, Kochi",10.0244123,76.3089558,30,7,6
Hotel House Inn,28.5952291,77.3822213,30,6,1
Kotak Mahindra Bank,22.7229189,75.8793613,60,7,7
Dosa Magic,22.6959754,75.8422103,60,9,2
The blue roof Cafe,22.689781,75.866902,60,10,5
Oyo Townhouse 118,28.646011,77.296796,30,5,9
Oyo Townhouse 381,28.68902,77.323102,60,5,2
Nukkad Tea Cafe,21.2404762,81.6574975,30,6,6
Aaranyam Restaurant & Cafe ,21.134229,81.7723096,60,10,6
Ather Space Ahmedabad,23.0281973,72.5432892,30,10,1
"Cake Bee, Cantonment",10.8024024,78.6824181,50,6,5
"Cake Bee, Singaram Nagar",10.7967137,78.7563467,30,8,3
Aspire - Step Inn Sector 27,28.4672823,77.0927632,60,8,6
Veg Aroma,20.0120574,73.7461884,50,9,2
The Cobble Street,20.0144062,73.6983448,60,8,1
Brown Bites II,26.901567,75.751926,30,7,9
Lodha Florenza,19.1538114182866,72.8557957193731,60,10,0
"Ather Space, Coimbatore",11.0113482,76.9598159,50,6,9
K Star Chembur,19.052316305376,72.9016358109368,30,6,5
IIT Madras (ICSR),12.9917014,80.232102,50,5,4
"Ather Space, Kochi",9.98014,76.3173646,30,10,3
Treehouse Queens Pearl,28.4493495,77.0315967,30,9,0
Kala Ghoda Cafe,18.9284545096609,72.8320303138997,30,6,7
UB City,12.971406,77.595799,30,5,3
Trichi Kaveri Foods Private Limited,10.8330993,78.6845337,50,6,8
Signature Mall,28.6910142131536,77.486384992674,30,5,8
 Hotel Noida International,28.5967575,77.3282689,30,6,2
Carnival Cinemas Imax,19.0313299,72.8809653,50,10,7
Hotel Parktel ,28.6463665,77.36784004418,30,6,3
Ardas Televentures Pvt Ltd,26.911545,75.74876,60,10,4
Cue Campus,15.360651,75.126774,60,11,4
Sony Center Bellad and Company,15.351334,75.141651,30,6,9
Bellad Towers,15.351171,75.126191,50,9,3
Uma complex,12.9149033,80.1266472,60,7,0
"Coffee King, Adajan",21.1917016,72.7900328,50,5,4
Oyo Townhouse 278 Rohini,28.7328878,77.0841225,60,5,6
Ather Space Jaipur,26.854201,75.794615,60,9,6
"Ather Space, Lajpat Nagar",28.5705131,77.2368888,60,5,5
HiLite Mall,11.248533,75.8334487,60,10,4
Zozoz Pizzeria,17.4306503,78.4020035,30,10,1
"Heart Cup Coffee, Gachibowli",17.4453566,78.3556014,60,7,4
NAKSHATRA PURE VEG,12.9644294,80.2118897,50,7,2
Pepper & Tarragon Club Caffe,17.46377,78.3088,30,6,6
"Ather Space, Trichy",10.8240776,78.684925,60,6,5
Narahari Silk House,17.34763,78.475397,30,8,5
VR Surat,21.1451737,72.7569487,60,8,6
WeFix Automobile,18.648377246379,73.8298662608401,30,9,9
The Vizag Drive In,17.7314545,83.3405749,60,11,2
"Ather Space, Visakhapatnam",17.727627,83.2957312,30,10,0
Hotel Yogi Midtown,19.0640261000026,73.0197154300262,30,6,6
"Breadworld, Jawahar Nagar",9.9721366,76.3020765,30,8,9
"Host The Hospitality Store (Breadworld, Thykoodam)",9.96185111999512,76.31884765625,50,6,1
"Breadworld, Mavelipuram",10.0231762,76.3411644,30,6,9
"Breadworld, Petta",9.9449301,76.3354211,50,8,3
"Ather Space, Kozhikode",11.264453,75.7773662,30,11,9
AtherSpace JP Nagar,12.9062039682694,77.5908095423095,30,10,3
Kohinoor MCGM parking,19.0246088948704,72.842820210728,60,5,6
AtherGrid - Bhavsar,19.9782307026474,73.7468528059045,50,10,8
Bhavsar's AtherGrid 2,19.9714488737097,73.7559054108409,60,6,8
BMC Parking Runwal Greens,19.1593952,72.945112,60,8,8
BMC Market Bhandup ,19.1447758224472,72.9371466284051,50,10,7
Trichy Sarathas,10.8267085,78.6959116,60,8,3
"Ather space, Indore",22.7194463,75.884181,60,5,8
DISHKO Eatery,8.4997772,76.9542647,50,8,8
Charminar Chowrasta Cafe,17.8000838,83.3473927,60,11,1
Best Western Ramachandra Hotel,17.6861805,83.2065285,50,6,1
Cygnett Inn Ramachandra,17.6851429,83.1578664,30,6,5
Moondru Kambam Nellai Muthu Vilas Sweets & Bakes,10.9611662,76.954832,60,10,0
"CakeBee, Sulur",11.024978,77.1667265,50,11,3
Tiruppur Sree Annapoorna,11.1750315,77.2634385,60,9,7
Aastha Talkies,22.7431448,75.8841123,50,5,6
Ather Space Nashik,19.9944454848697,73.764436759524,60,8,2
"Just Loaf, Kozhikode",11.2541077,75.7712783,30,11,3
"Just Loaf, Perinthalmanna",10.9882867,76.2250874,30,6,6
"Hocco Eatery, Vastral",22.9992398,72.6594584,30,8,5
Prestige Falcon Towers,12.971272,77.614552,60,10,1
Reliance Digital Kamlanagar,28.6839369,77.2022968,30,11,0
Food Sixteen Restaurant,28.7169145,77.168538,60,5,8
Abhay Graphics II,18.6532425324259,73.8034013253093,60,5,6
Miramar Residency - Blive,15.4845196013223,73.809121797395,50,10,7
Old Goa Residency- Blive,15.5000488654027,73.9141273127392,50,5,6
Eham Digital,11.2648469,75.8109713,50,8,5
Darshan super market,12.8291702,80.2298531,60,11,3
Mall of Mysore,12.298036,76.663958,30,11,6
"Cafe Coffee Day, Gokulam Road",12.326612,76.626866,30,9,9
CarTuneZ,13.0416621313573,80.1264474028141,50,7,5
Shree Shanthi's the garment shop,12.9966632,80.2517792,60,7,9
The Smith's Cafe & bakery,13.125599,80.2241501,30,5,5
Sri Murugan Stores,12.9056714,80.1421391,50,11,0
Firewood Restaurant,26.8898540600064,75.8089775422449,30,10,5
Oyo Silverkey 42750,28.434959,77.0442743,60,7,3
Amrit Residency,28.5184277,77.0719022,50,5,5
"Cafe coffee day, Kazhakootam, Trivandrum",8.549333,76.877257,50,7,5
Peep Kitchen ,15.4701676,73.8261271,50,7,3
Blive HO,15.4853333,73.8135871,50,6,2
Karkhana - The Food Garage,21.1889342,81.7015232,60,5,4
Jyoti Guest House,26.8433189,75.8037396,50,6,2
Xperia,23.1168523,72.6288522,50,10,5
Ather Space - Gujranwala Town,28.6990084,77.1833274,30,8,3
Navneet Institute,23.040249,72.6307112,50,11,6
Shri Laxmi Kedar Jewellers,20.0052029021044,73.791297380718,30,6,8
The Emerald Resort,18.7077154040181,73.6822930730169,30,8,4
Inox Bund Garden Road,18.5267515,73.8779382,30,7,9
Black Spate,26.963612,75.7810224,30,11,9
Barista,18.4845962800607,73.8496819997945,60,9,9
Precision Path Lab,26.8547202,75.7731708,60,11,0
Ather Space Goa,15.5230657,73.825913,60,6,6
Ather test ride centre,17.4435458,78.4798274,60,9,3
Prestige Khoday Tower,12.982728,77.594179,30,7,0
Prestige Saleh Ahmed,12.980553,77.603318,30,5,6
Mama Panda,16.4992397,80.6481963,30,5,7
AtherSpace Mysore,12.325053,76.611337,60,8,6
Bamboo & Biryani,16.5009139,80.6472927,60,5,9
Lodha Venezia CPL,18.9917205,72.841513,60,9,9
Cafe Peter,18.5105106,73.7819022,60,9,3
Throttle Shrottle Moto Cafe,28.428213,77.1405458,50,6,3
Inox R21,23.2316208,72.6682058,60,5,5
Inox R16,23.2310524,72.648583,50,10,8
Acre Bengaluru,13.189056,77.644524,60,7,1
AtherSpace Hubli,15.387875,75.1016179,30,7,4
Antares Restaurant and Beach Club,15.5940487274399,73.7349023341238,60,5,0
The Wood Apple Cafe,26.7286006,88.4163575,50,8,0
The Cindrella Hotel,26.7555785,88.4418232,60,5,5
Cafe Cornucopia,12.316689,76.603223,30,10,6
Ather Space Raipur,21.243932,81.6347283,30,10,2
Ather Space - Janakpuri,28.6255909,77.1009332,50,10,4
Ather Space Surat,21.1529496,72.778545,50,5,3
Ather Space - Lalbagh,26.8458895,80.9379184,60,9,9
Magenta House - Mumbai,19.0687045429028,73.0229869206999,60,9,9
"Ather Space, Trivandrum",8.5145049,76.9437173,60,10,5
"Ather space, Guindy, Chennai",13.0124771297175,80.2206032896631,50,7,0
Ranthal Gardens Restaurant,8.45477423944579,77.0024490353778,30,11,4
Kalikkalam Sports,8.53396462982223,76.8807341186971,30,8,4
Ather Space Nagole,17.377497,78.5580849,30,5,2
MGS Tata Autofab,26.8979557,80.9664589,60,11,1
The Hazelnut Factory,26.8727547,80.9407119,30,10,6
"The Hazelnut Factory, Alambagh",26.7991124,80.8982589,30,5,0
Woods Cafe Indira Priyadarshani Park,28.6749316,77.3982382,60,7,6
Ansal Plaza Mall,28.4646154,77.5080343,50,9,5
MR Hypermarket,11.296198,75.8307817,60,8,7
Ather Space Siliguri,26.7321074,88.4322712,30,10,1
Mitraa Super Market,17.799256,83.210797,60,11,8
Patanjali Mega Store Sakkardara,21.129812213883,79.1148607177335,50,8,3
Patanjali Store Wardhaman Nagar,21.148294,79.128434,50,8,7
"Throttle Shrottle Moto Cafe, Noida",28.5123936,77.3743113,30,7,2
"Sangeetha Mobiles, HBR Layout",13.025618,77.629122,60,8,8
Hyatt Raipur,21.239994,81.6840898,50,8,6
Vasant oasis ,19.1146146,72.8840941,60,8,1
NMR Enclave,12.942047,77.631059,60,8,0
Cafe Labasa Goa,15.2251264,73.9795328,30,7,5
The Coffee Stories,18.4879225398295,73.8727627039089,60,7,3
"Sulaimani Club, Kottakkal",10.9841315056431,75.997859110154,30,10,7
Shree Purohit Thali ,19.9615119,73.8272912,30,10,3
Morning Star Car Accessories,15.5706252229647,73.7915868619433,50,11,7
"Magenta, Hosur Road",12.876703,77.646505,50,10,1
"OFFROAD, Motorcycle Accessories Shop",8.5513563,76.9726234,60,6,2
"The Chocolate Room, Bangalore",13.022915,77.639338,50,8,5
AtherSpace Nagpur,21.1393999805338,79.0604764831562,60,8,3
Xavier Institute of Engineering,19.0452082935871,72.8415417466136,60,11,7
Purnima Sweet's,19.9962790389959,73.8033591842543,60,8,3
"CADD Centre, RK Salai",13.044485,80.268708,50,6,5
"Adyar Ananda Bhavan, Navakari | Zeon",10.8556755,76.862332,60,6,2
Lakshmi Pazhamudir And Supermarket,11.138138477319,76.9407310322839,50,5,7
Decathlon Bannerghatta,12.863595,77.590927,50,9,1
"MR Hyper Market, Wayanad Road",11.3185163,75.8842814,30,11,5
KR Journey Planners,21.1483732,72.7654739,30,10,9
KR Journey,21.2126944261511,72.8451179602812,50,8,4
Shiven Satellite Vision,15.2697635073183,73.9549504486853,30,9,5
Detailing Bull,28.4195244,77.0885144,60,7,0
R R Sales,26.1763362,91.7404708,30,9,5
"Vishnu Tradex, Shreekunj Elegance",23.0735526,72.520875,60,7,1
Naksh Auto World,28.6635603,77.3740057,50,10,8
Royal Global University,26.112203,91.7241576,60,9,7
Loom Solar Warehouse,28.3520623,77.3007942,50,9,2
"Ather Space, Guwahati",26.172606,91.7293442,60,11,8
Guy Car  Steamer,12.904089,77.662251,60,9,1
AtherSpace Belgaum,15.868772,74.487863,30,9,5
Ather Service Centre,26.170766,91.7608176,30,10,4
Ather Space Vijayawada,16.5007264,80.6574292,30,11,9
Turf Trident,13.1221926,80.1890017,30,8,5
Ather Space Tirupati,13.6226445,79.414697,30,11,3
Area 51 - The cafu00e9 hideout,17.8083501,83.3888006,60,9,1
Ather Space  Aurangabad,19.871912330989,75.3251880766865,50,7,4
"Ather space, Malappuram",11.0522217,76.0753978,30,5,2
"Ather Space, Tirur",10.9235812,75.9131205,50,5,4
Ather Space Kolhapur,16.7075794321683,74.2510693844606,50,11,6
AtherSpace Rajajinagar,12.982706,77.560699,50,8,2
"Radisson Resort, ECR",12.6238102,80.1947665,50,11,6
Nikshan Electronics,11.868744605859,75.3660221268055,50,10,2
"E Planet, Thalassery",11.7455443615496,75.4950197030621,50,9,5
Oyo Soho,28.58066,77.37497,50,9,1
M R A Restaurant,12.0256266201313,75.367177336021,30,11,7
"AIMA Charging Station, Karinganad",10.8878,76.189669,50,5,6
Kekiz Malleswaram,13.008305,77.571179,60,5,5
Muthiah Towers,10.799797,78.6807052,60,5,0
"Chai Point, Bellandur",12.922427,77.668422,50,7,2
HOTEL REDWINGS CASTLE,18.9945351530371,73.1151324189656,30,9,5
Radisson Bengaluru City Center,12.976339,77.619717,30,11,2
Ather Space - Dehradun,30.3382561,8.0584541,30,8,2
Mealodroma,28.6486023,77.1147014,50,7,8
Hotel Om Navratna,18.9014249045997,73.2365788533079,60,10,9
Ather Space Mangalore,12.8785935,74.8513216,60,8,4
Ather Space Kannur,11.874322,75.3872,60,7,2
"Ather Space, Thrissur",10.54281,76.184562,30,10,4
Hitech Motors,13.6292765,79.4619883,50,10,4
"Ather Space, Palakkad",10.770167,76.637861,50,5,5
Cashew Tree ,15.5162506,73.7684465,30,10,6
MMA Matrix Gym,16.6936726519418,74.2410299261698,50,5,6
Akki's Bistro,16.6856931,74.2084223,50,6,7
Roy ka rasoi,26.7055489,88.4380447,30,8,4
Hotel Kuppana,13.648073,79.446494,50,10,4
Guru Sweets & Snacks,26.7618706,88.3388182,60,6,8
Hotel Rasraj Parking Zone,18.6509966955593,72.8740709203267,50,10,3
Crazy Coffee,26.8838799908114,75.7397918152921,60,5,5
Sultan of Flavours Restaurant,10.7672515526727,76.6603123172791,30,6,4
Kalanthans Cafe,10.0026011738437,76.3040071197043,60,5,6
Devaragam Hotel,10.595564727206,76.0443370352623,50,11,4
Ather Space Thane,19.1981177009338,72.9674150562047,60,6,7
Irani Chai,12.91371,77.644164,60,7,7
"BESCOM,  KR Circle",12.9757032,77.5877251,50,10,7
"Ather Space, Kollam",8.89921411695274,76.6129967442303,30,9,3
"Naattarasan, Urapakkam",12.8570595,80.0694857,60,9,4
Hungry Hippo,17.7407038627437,83.311685815344,60,5,4
F3 Drive-in,17.5173192,78.3188293,30,9,6
"IOCL - COCO Niti Marg, Chanakyapuri",28.599629,77.195806,30,6,1
"SNEH DHABA, NH 1 Ganaur",29.157569,77.035833,50,5,5
"Sara Automobile, Dobhi",24.525355,84.932182,50,9,5
"GUGNANI AUTOCARS, Pratap Nagari",20.40517,85.879782,60,9,1
"Varenyam Motor Car, Industrial Area",23.259006,77.456769,30,6,7
"Jaika Motors, Civil Lines",21.155667,79.078708,60,9,1
"IOCL Kini Causway, Bandra",19.051601,72.838011,60,10,6
"IOCL Hundred Percent Filling & Service Station, Dwarka",28.578641,77.05962,50,7,0
"Adisakti Motors, Davangere",14.441957,75.95206,30,10,2
"True Sai Motors, Avaragere",12.5306064,78.2375165,30,11,2
"True Sai Motors, Narasothipatti",11.682985,78.1260402,30,11,7
"Vikarsh Nano technology, Dhangarwadi",18.11289,73.98985,60,7,2
"SR Tranzcars, Saibaba Koil",11.022849,76.951635,50,7,9
"Lakshmi Motors, Ambattur",13.0883447,80.1704698,50,7,5
"Lakshmi Motors, Velachery",13.0080236,80.22165,30,8,1
"Lilium Park, SH 44",19.26433634,74.82719974,50,10,5
"Oberai Motors,  ISBT Rd",30.289739,77.998788,60,9,5
"Ashok Auto Sales, Civil Lines",27.200798,78.008796,30,10,5
"IOCL - MC2, Industrial Area II",30.69649,76.79662,60,10,8
"IOCL - COCO WRD, Agarkar Nagar",18.5269679,73.8655123,50,7,7
"KVR Dream vehicles, Vidya Nagar",12.51382323,75.02713173,30,5,6
"Sree Auto, BH Road Tumakuru",13.344796,77.080192,30,11,8
"IOCL COCO Chengampalli, Salem-Kochi Highway",11.213022,77.441968,30,11,9
"Hotel Vididhi, Kothagudam",16.991031,79.44047,50,7,8
"Select Cars, Hyderabad Rd - Kothirampur",18.417928,79.13639,60,10,2
"MIDAS, Muzzafarnagar",29.4585464,77.7397628,60,8,7
"MIDAS Auto, Industrial Area ",29.942456,78.144234,50,5,0
"Basudeb Auto Limited, Shanti Nagar",23.371302,85.350737,60,5,4
"Matsya Amazon Kitchens, Kurnool Rd",15.576915,77.93704,50,9,7
"Utkarsh Mototech, Assam Trunk Rd",26.164406,91.715516,30,6,0
"Hotel Grand Leela Krishna, Bhimavaram",16.5451748,81.5199403,50,7,7
"Jadhav Solar & Automotives, Badnera",20.909443,77.7522447,50,10,1
"IOCL - SUJIT AUTOMOBILES, Bangalore-Kanyakumari Road",20.92258656,78.99986387,30,8,0
"Tata Steel Car Parking, Northern Town",22.800099,86.188305,50,5,1
"Sakchi - Parking, Basant Central",22.802611,86.203633,60,6,6
"Ambagan - Parking, Jubliee Park gate",22.808483,86.198276,50,8,3
"Hotel Sanskruti , Trambakeshwar Rd",19.973146,73.68105,30,7,3
"IOCL Manjalpur, GIDC Rd Manjalpur",22.271793,73.190795,60,7,0
"RKL TML Showroom, Sec 9 GIDA",26.743642,84.263369,50,5,0
"IOCL - Citi Fuels, Virender Nagar",28.622486,77.09547,60,7,8
"SRM Motors, Vikas Nagar",26.900894,80.964231,60,8,3
"Shree Dev Wheels, Acharya Nagar",26.755089,82.141261,60,9,9
"IOCL - Gay Service Station, Azadpur",28.703312,77.181109,50,7,1
"Ace Kudale Cycles, Manjri  Bk",18.4957722,73.97893593,60,6,2
"Hotel Dreamland, ST Main Market Mahabaleshwar",17.92564438,73.65552014,60,10,8
"ARDEE MALL, Sec 52 Gurgaon",28.444672,77.08082,50,9,2
"Hotel Baba Ramdev, Sirohi",24.973775,72.895964,50,9,5
"ABC Autolink, NH 64 Ranoli",22.403828,73.13455,30,6,9
"Brookfield, Powai",19.11637,72.91086,30,9,3
"Brookfield, Powai",19.11644,72.90968,30,9,0
"MG Ranchi, Line Tank Road",23.371745,85.326113,60,9,8
"MG Bhubaneswar, NH 16",20.352134,85.8903743,60,7,5
"Ginger Nashik , Satpur Colony",19.991881,73.743904,30,8,9
"TML- Sterling Motors , Renuka Nagar",19.9932,73.783133,60,11,2
"IOCL Kevadia, Garudeshwar",21.885704,73.688136,50,6,4
"Satish Motors, Wanjarwadi",19.911983,75.232932,60,11,1
"Heritage Motors, Ghodbunder",19.25612,72.97145,60,9,2
"IOCL Karari Fuels, NH 44 Kishangarh",31.431348,75.620357,60,11,5
"IOCL Royal Petro, NH 44",29.731581,76.976511,60,5,5
"Sagar Motors, Sector 5 Noida",28.59093,77.31969,30,8,5
"Smile Stone Motels, Kamargaon",18.9852363,74.5760075,60,9,8
"One Awadh Centre, Gomti Nagar",26.86372513,81.01027566,30,9,5
"IOCL COCO u00e2u0080u0093 Central Jail RO, Rambagh",22.335789,73.173794,60,6,1
"IOCL - Vrindavan Fuels, Mangal Nagar,Manikbagh",22.6848351,75.8558249,30,8,5
"Chandrani Enterprises, Bogra",23.663888,87.057978,30,9,5
"SS Motogen, Barwadda",23.848551,86.441642,50,6,8
"TC Motors, Domjur",22.614383,88.273187,30,6,3
"Rangeet Auto, NH 31",26.323416,89.484913,60,8,3
"Rangeet Auto, Rumtek Road",27.305524,88.585965,50,5,4
"Rangeet Auto, Sevoke Road",26.750937,88.439995,60,10,1
"Tata Steel, Park Street",22.547449,88.349602,60,7,8
"Orange Auto, Erragadda",17.454398,78.434575,30,9,6
"Orange Auto, Karkhana",17.45848,78.5,30,10,5
"Orange Auto, Hafeezpet",17.490308,78.354536,60,5,8
"KRAFT AUTO, Bokaro Industrial Area",23.66473,86.073024,50,9,5
"Lexus Motors, New Town",22.620585,88.461154,60,9,8
"Shankar Motors, Patliputra Industrial Area",25.634199,85105514.0,30,9,3
"IOCL Drive-In, Belgachia",22.607396,88.392281,50,11,7
"Four Points By Sheraton, Tonk Road",26.8643722,75.7957703,30,10,2
"Four Points By Sheraton Hotel, Nagar Road",18.562826,73.922392,60,8,4
"Fairfield by Marriott,Gachibowli",17.423858,78.347334,30,6,5
"Fairfield by Marriott, Mahindra World City",12.730596,80.00463,30,8,7
"Four Points by Sheraton, Chennai OMR",12.875613,80.227372,50,9,6
"Fairfield by Marriott, Ashram Rd",23.0522787,72.5710882,30,6,2
"IOCL - Ruchika Service Station, Mayur Vihar",28.6034988,77.3354221,60,10,7
"Sagar Motors, Dilshad Garden",28.676246,77.31768,50,5,9
"IOCL Laxmi Narayan Petroleum, Changodar",22.9378139,72.455668,50,9,2
"IOCL Om Petroleum, Kamod",22.9247437,72.5434955,30,10,1
"IOCL Omkar Petroleum, Subhanpura",22.3216986,73.154986,30,9,9
"Lexican Motors, Matigara",26.729623,88.373903,50,9,3
"IOCL Shanthi Social Services, Singanallur",11.00269216,77.0387079,30,10,0
"Hotel Mamalla Heritage, Fisherman Colony",12.61860448,80.19400597,60,6,4
"Motel Mamalla, SH 49",12.6325138,80.1958391,50,9,7
"Pumpkin Tales, Alwarpet",13.033655,80.255285,60,10,6
"Mahati Industries limited, Shankar Sheth Road",18.4995583,73.8685639,60,6,4
"Blue Moon Highway Restaurant, Bangalore-Hyderabad Highway",15.02395,77.620628,50,8,5
"Dion Automotives, Ankuli Bye Pass Road",19.298988,84.831762,30,9,9
"Shyam Automotive, AB Road",22.6520302,75.821321,30,7,9
"IOCL - Trishul Service Station, Pimpri-Chinchwad",18.6209574,73.8299842,60,10,2
"Aavas Hotels & Resorts, NH 16 Velampalli",15.6382976,80.0167529,30,7,6
"Bahubali Motors, Transport Nagar",21.2567897,81.5594445,30,7,1
"Malik Cars, Old Bowenpally",17.478362,78.4737723,50,6,9
"Sairam Automobiles, Krishna Nagar",21.2165392,81.401487,50,10,5
"Sairam Automobiles, Light Industrial Area",21.206036,81.3418606,30,7,5
"Shankar Motors, Prem Nagar",25.2522094,87.0450289,50,7,6
"IOCL - NAVABHARAGAVA FILLING STATION, Vijayawada - Hyderabad Hwy",16.5812639,80.5263493,60,7,9
"Pacific Mall, Tagore Garden",28.6422188,77.1058913,50,9,7
"Pacific Mall, Netaji Subash Palace",28.6933409,77.1531325,30,10,2
"Pacific Mall,  Dwarka",28.5512199,77.056702,60,8,7
"Pacific Mall, Sahibabad",28.6461808,77.3207891,60,8,1
"Pacific Mall, Rajpur Road",30.3662595,78.070528,50,9,8
"Tristar Auto Agencies, RK Beach Junction",17.71241304,83.3184811,30,9,1
"Zostel, Dandeghar",17.9335258,73.8158574,30,11,3
"Rama Automobiles, Patilwada",18.99132729,73.94277954,60,7,2
"Hotel Temple View, Sai Nagar",19.7650352,74.4754592,30,10,7
"Gramps Auto, Bampada",21.497869,86.88961,30,11,7
"Jagdalpur Motors, Geedam Road",19.0657802,81.9635956,60,8,4
"Pragati Trading, NH 37",26.7470487,94.1680718,30,6,6
"Yaksh The Art People, Delhi-Jaipur Highway",27.1590851,75.9603844,50,7,3
"Oberoi Mall, Goregaon",19.1737611,72.8600172,50,5,4
"Oberoi Mall, Goregaon",19.1737611,72.8600172,30,5,0
"Parin Motors, NH8 Gondal Highway",22.225264,70.801197,30,7,6
"IOCL RO u00e2u0080u0093 Basanti Hwy, Bayarmari",22.4380501,88.763395,30,7,5
"Ashutosh Motors, near NHPC Godown",26.3123315,92.6401864,30,6,4
"Daspalla Hotels, Jubilee Hills",17.4368304,78.3983261,50,5,5
"Hotel Greenland Towers, NH 6 & 16 ",22.380721,87.365968,60,11,1
"Trupti Enterprises, Bhagabanpur Industrial Area",20.238165,85.756643,50,9,8
"Trimurti Petroleum, Panvel",18.9563188,73.1626506,60,11,3
"HP Service Center, Sola ",23.0633903,72.5317625,50,10,9
"HP Autocare , Bodakdev",23.0332201,72.5137528,30,7,1
"Daisy Motors, TML - CV, Hisar",29.1259617,75.8027817,50,6,3
"Shree Balaji Autowheels, Moradabad",28.828917,78.7328429,60,8,9
"IOCL - Tikri Gas, Delhi",28.6868847,76.9849286,60,10,4
"Manickbag automobiles, Udyambag",15.8191673,74.4937744,50,9,4
"Manickbag automobiles, Vidya Nagar",15.369541,75.119095,60,6,7
"Sonaee Veg Family Restaurant, Pune-Solapur Highway",18.487405,74.146125,60,11,7
"IOCL - Hemkund, Pasonda",28.6765653,77.341822,50,8,8
IOCL Risal Petro Delhi,28.7324265,77.1986248,50,6,1
IOCL Paul Motors Delhi,28.61986668,77.11398244,60,10,3
"Yash Motors, Chittorgarh",24.8276645,74.6272935,60,6,2
"Kaveri Auto Garage, Seelapadi",10.3811273,77.99681425,60,8,7
"Kaveri Auto Garage, Paravai Bit 1 village",9.9642326,78.0650107,30,7,8
"Key Motors, Bannerghatta Road",77.597289,12.889141,60,11,1
"The Grand Legacy, Panchgani-Mahabaleshwar Road",17.92655754,73.69586565,60,6,0
"The Grand Legacy, Panchgani-Mahabaleshwar Road",17.92655754,73.69586565,60,5,0
"Highway Grand World, Chennai-Tirupati Highway NH 716",13.29360934,79.58170947,60,7,7
"Hotel Sapthagiri Holiday Resorts,Tirupati u00e2u0080u0093 Bangalore  Highway",13.37412051,79.09210293,50,7,8
"Hotel Sapthagiri Holiday Resorts,Tirupati u00e2u0080u0093 Bangalore  Highway",13.4799438,79.1897903,30,6,8
"Hotel Artland, Old Digha Purba",21.624423,87.528599,60,10,1
"IOCL Sree Devi Prasad Services, Naamavaram",17.3736805,82.5862594,30,9,1
"Lankeswari Motors, Hatpada",18.8580983,82.5899867,30,5,1
"Nandi Food Plaza, Nalagam palli",13.2035919,78.9415658,60,10,1
"River Bay Resorts, Gautami Ghat",16.9921196,81.7735774,60,11,7
"Hotel Vivanta, Patrapada",20.240856,86.758382,60,8,2
"Morya Transport Terminus, MIDC Bhosari",18.621396,73.8384375,30,6,3
"DN Group Corporate Office, Nayapalli",20.296189,85.8040445,50,11,0
"GUGNANI AUTOCARS, Mancheswar Industrial Estate",20.3066647,85.8528189,50,6,8
"GUGNANI TYRES, Nayapalli",20.2854839,85.8093251,30,6,8
"DN Regalia Mall, Patrapada",20.240903,85.758056,30,6,4
"Trupti Automotives, Mohammed Jamalpur",20.9187324,86.2169827,60,7,6
"Trupti Automotives, Angul",20.8317557,85.2416603,60,9,5
"Sarawgi Motors, Saukuchi",26.111877,91.759799,60,8,3
"Umaid Lake Resort, Kalakho ",26.912864,76.466964,50,9,2
"Rajshree Resort, Saladwas",27.2377252,75.9485975,50,9,0
"Bravia Hotel, Vaishali Nagar",26.487745,74.6293164,30,7,7
"Dusk View Resort, near Bisalpur Dam",25.936068,75.458672,30,11,2
"Hotel Shemron, Neemrana",28.0088483,76.4639783,30,5,9
"Dakshin Motors, NH - 4",13.9241147,76.6400077,30,5,5
"IOCL - KOORAPATI SERVICE STATION, Tirupati",13.6207096,79.3828146,50,9,4
"IOCL - Sai Krupa Filling Station, SH 26",15.1462972,77.3774561,50,7,6
"IOCL - PIONEER AUTO SERVICE, Bagdogara",26.7006026,88.3293524,60,5,1
"Goyal Coal Sizing, Pendridih",22.0136612,82.0487988,60,5,5
"Mr. Lalit Jenau00e2u0080u0098s Site, Panikoili",20.9238315,86.2494284,50,10,8
"Prince Guest House & Restaurant, Transport Nagar",21.3194434,81.6372966,50,11,3
"Sasya Auto Cars, Bellari X Roads - NH 44",15.8305662,78.0179892,60,9,3
"Sasya Automotives, Near EENADU Office - NH 44",15.8498643,78.0045003,50,5,4
"HPCL - Badarpur Service Station, Gazipur",28.6197025,77.3411839,30,10,9
"Sree Gokulam Motors, Kattuppakkam",13.0417246,80.1258208,30,5,6
"Malayalam Vehicles, Aluva",10.0999671,76.3476841,60,7,6
"Malayalam Vehicles, Vytila",9.9644345,76.3184956,60,9,5
"Taj Hotels Chikmagalur, KM Road",13.3366283,75.8178783,60,10,8
"PNR Function Hall, Chennai-Ballary Highway",14.7529922,78.5550768,50,11,0
"DLF - The Crest, Sec 43",28.4438196,77.1117253,50,5,2
"The Gateway Hotel, Ambad",19.9594519,73.7591054,50,10,7
"AB Infra Limited, old MIDC",18.4159831,76.5356299,50,10,9
"Hansa Motors, Buttibori",20.9286205,79.001812,60,6,1
IOCL - Tyagi Brothers Service Station,28.6195483,77.4838183,60,7,2
IOCL - Vibhor S Station,28.7712124,78.0976854,50,7,2
IOCL - AAUI Service Station ,28.6179662,77.2487894,60,10,4
IOCL - Agarwal  Service Station,29.4118349,77.7006719,60,9,1
"Hotel Suba International, Andheri East",19.1063175,72.8603219,60,8,9
"Hotel Suba Galaxy, Andheri East",19.1142415,72.8518766,60,8,9
"Hotel Suba Palace, Fort",18.9241214,72.8328155,60,9,5
"Hotel Suba Grand, Dahej",21.7164114,72.6562979,50,11,8
"Hotel Suba Elite, Fatehganj Main Road",22.3205834,73.1883779,50,9,9
"Click Hotel, Rane Nagar",19.9625471,73.7652956,60,11,1
"Click Hotel, Raja Park",26.8923514,75.8257073,30,11,2
"Click Hotel, Cidco",19.9116134,75.348291,60,8,5
"Click Hotel, Junagadh",21.52840996,70.45845795,50,7,5
"Click Hotel, Bhuj",23.2655334,69.6786728,50,7,1
"Devarana, Delhi-Dehradun Highway",29.3313177,77.721274,50,5,4
"Roshan Motors, Shahpura",27.4914624,76.0530077,30,8,5
"Gardenia SPA & Resort, Sec 11",29.9512388,78.0759131,60,10,3
"Hotel Flora, Shivalik Nagar",29.9276885,78.0648679,30,9,1
"Misty Mountain Teyla, Peermade",9.5802797,76.9701859,30,6,2
"Click Collection, Sindhi Camp",26.9206169,75.7975173,50,7,2
"Sree Venkateswara Motors, Dasnapur",19.6560251,78.52951,30,7,0
Volltic DCS06,12.98452275,77.74323914,30,10,0
Volltic DCS01,12.85190327,77.66662247,50,6,1
Volltic DCS012,12.97720222,77.72974546,30,9,1
Volltic DCS015,12.96365147,77.70295917,50,7,6
Volltic DCS017,12.96986878,77.72521742,50,8,1
Volltic DCS02,12.94340928,77.69041467,50,10,0
Volltic DCS09,12.9472482,77.64471171,30,10,7
Volltic DCS018,15.18446555,76.66276174,30,6,7
Volltic DCS03,28.25547179,77.05044021,60,10,2
Volltic PCS01,28.40501523,77.09266673,60,8,0
Volltic DCS04,28.40596414,77.04509603,50,8,9
Volltic DCS05,28.42487691,77.03101261,60,9,5
Volltic DCS011,28.44588294,77.04060087,50,6,4
Volltic HR001,28.37480792,76.91054184,60,11,4
Volltic DCS016,17.41816383,78.34665104,60,5,0
Volltic PCS03,22.73778248,75.8612835,30,6,3
Volltic PCS04,19.12012455,72.88724762,60,8,3
Volltic DCS08,28.52360775,77.08321547,30,6,8
Volltic DCS014,28.54498268,77.39461034,30,7,0
Volltic UJ001,23.179326,75.78437678,60,5,7
BYPL Patparganj,28.6305311,77.2926978,30,8,8
DLF Gateway Charging Station,28.49807984,77.09116915,30,7,7
Shree Siddhi Vinayak Indian Oil Petrol Pump,23.04430424,72.51767735,50,10,8
COCO Vejalpur Ahmedabad,23.01303861,72.52421557,50,10,7
EESL yelahanka,13.15280614,77.56897045,50,11,2
BESCOM HSR Layout,12.911365,77.648946,60,5,4
BESCOM BTM Layout,12.916948,77.610212,30,7,7
BESCOM Murugeshpalya,12.95903244,77.66355582,60,6,8
BESCOM Indiranagar,12.964421,77.644132,50,9,8
BESCOM Katriguppe,12.926063,77.547841,30,7,5
BESCOM Byatarayanapura,12.94980783,77.54076228,50,5,0
BESCOM Corporate Office,12.97610693,77.58824006,30,9,6
BESCOM Mahadevpura,12.9947017,77.70020485,30,9,2
BESCOM Banaswadi,13.0202335,77.64092334,50,7,1
Jai Hanuman Indian Oil Petrol Pump,13.04139,77.62059,50,9,7
BESCOM Mathikere,13.037895,77.55769,50,7,7
BESCOM Yalhanka,13.095602,77.594068,30,6,9
Fuel Zone -Indian Oil Petrol Pump,13.14069,77.617988,30,7,2
IOCL AB Enterprises,12.87627,80.22709415,60,5,3
IOCL Ms Immanuel Agencies,13.03301719,80.18431324,50,7,9
IOCL Ms SRI SAI Balaji Agencies,13.07514384,80.21984698,30,9,8
EESL Chennai Metrol Alandur Station,13.00444547,80.20161257,60,8,2
EESL Saidapet Metro,13.02450612,80.22884568,50,8,4
EESL Chennai Metro Nandanam station,13.03152957,80.2399704,30,9,9
EESL Koyambedu,13.07376771,80.19493137,50,9,9
EESL Thirumangalam Metro,13.0854925,80.20160618,60,11,5
EESL Anna Nagar East station,13.08478145,80.21972007,60,7,4
EESL Chennai Egmore Metro,13.07936745,80.26146373,60,6,1
EESL High Court station,13.08738029,80.2851703,50,9,7
EESL SDA Market,28.54873377,77.19657963,50,10,8
EESL R block GK1,28.55155916,77.24469874,60,7,7
KSEBL Palarivattom,10.01921939,76.30459452,60,8,5
Mahindra first choice ,28.42061615,77.10537261,60,8,0
HAREDA EESL Panchkula,30.76862873,76.85381552,50,6,1
Nagole Metro staff Parking,17.391095,78.558504,30,8,3
Punjagutta Next Galleria Mall Parking,17.428624,78.450418,30,8,8
Hitech City Next Galleria Mall Parking,17.44798402,78.38432828,60,8,8
Miyapur Metro Parking,17.49699433,78.37194716,50,11,2
ChargeNest Bank of Baroda,22.7941,86.1838,30,8,3
TSUISL N Town Substation,22.82275277,86.18177379,60,10,5
ANERT-EESL Ernakulam Kerala,9.977005426,76.27780265,30,6,7
Masstech Controls Pvt Ltd,22.50955717,88.36672101,30,10,1
EESL Shapoorji Bus Terminus Newtown,22.56979794,88.51722683,50,10,8
EESL Tata Memorial Cancer Hospital,22.57724568,88.47966408,30,9,1
EESL Axis Mall,22.57892795,88.46050484,60,11,3
EESL New Town,22.57885907,88.45300713,50,6,5
EESL Business Club New Town,22.58558231,88.456438,60,11,4
EESL ECO Park Gate no 1 New Town,22.60315379,88.46715353,60,9,3
EESL Gate no 6 Eco Park New Town,22.60762511,88.46341447,50,8,1
EESL Gate no 4 Eco Park New Town,22.61075181,88.46672221,60,5,9
"EESL Adhoc New Central , HPCL, New town",22.61822126,88.46650934,50,5,5
KSEB electrical section Olayil,8.892999143,76.57939218,60,10,4
Vijay Securities ,19.10514321,72.8869012,30,6,7
Masstech controls Pvt ltd,19.17674569,72.94574801,50,10,4
EESL Nagpur,21.0870127,79.0636227,60,6,2
KSEB Nemom,8.453971667,77.00415034,60,10,6
PTC  IGI Airport,28.54851804,77.10435748,30,6,8
Atul Automobile Vasant Kunj,28.52290663,77.15668214,30,9,6
EV Plugin Charge Vasant Square Mall,28.52544024,77.15590041,30,7,8
EESL Malviya Nagar Delhi,28.53646664,77.21145062,30,5,6
EESL PVR Priya Delhi,28.55773691,77.1579439,30,8,1
BRPL Nehru Place,28.5495423,77.2545699,60,11,6
EESL Aurbindo Market Place,28.55177869,77.2033166,60,5,6
EESL Safderjung Enclave,28.55917249,77.19648462,30,5,8
EESL N Block GK1,28.55560464,77.23371054,50,8,2
NDSE Grid BRPL,28.86883053,77.14376226,30,11,0
EESL Dilli Haat,28.57357604,77.207152,30,9,9
EESL Sarojini Nagar Market,28.57729829,77.19690865,30,10,5
EESL Laxmi Bai Market,28.577623,77.2038986,30,5,6
Indraprastha Gas Limited Shantipath,28.58267379,77.17947959,50,10,8
EESL Charak Palika Hospital,28.58704293,77.17767714,60,5,2
EESL Yashwant Place Market,28.58556496,77.1913234,50,9,9
EESL PSOI Club,28.58664525,77.19360781,50,8,0
EESL Khanna Market 1,28.580532,77.221048,30,10,8
EESL Palika Maternity Hospital,28.583518,77.222057,50,6,3
EESL Khanna Market 2,28.584365,77.22054,30,6,9
EESL Maherchand market Delhi,28.581051,77.227075,60,10,6
EESL Jor Bagh Market,28.588117,77.217564,50,10,3
EESL Lodhi Garden,28.590402,77.220192,50,6,1
BSES Hazrat Nizamuddin,28.5885055,77.2570236,60,6,8
EESL Malcha Marg Market,28.601809,77.186432,60,10,7
EESL Khan Market,28.600324,77.226883,60,5,3
EESL Prithviraj Market,28.600735,77.226277,50,9,8
EESL Hotel Claridges,28.599477,77.215583,60,7,9
EESL Hotel Claridges,28.601201,77.215975,30,6,9
EESL Talkatora Stadium,28.62576517,77.19489108,60,5,7
EESL Talkatora Garden,28.62394449,77.19509853,60,9,0
EESL Press Club,28.61743816,77.21362374,60,7,3
EESL Chelmsford Club,28.61919904,77.21252935,30,10,9
EESL Akashwani Bhawan,28.62237102,77.21148694,60,5,5
EESL Sansad Marg,28.62463712,77.21405159,30,10,8
EESL Bharat Sanchar Bhawan,28.62433889,77.21983712,60,7,9
EESL Fab India,28.62772522,77.21977647,60,5,6
EESL ICICI Bank Janpath,28.62891677,77.21975289,60,8,0
EESL FICCI Chowk,28.62703859,77.23189591,30,5,4
EESL Jain Bhawan,28.6340764,77.20743317,30,10,9
EESL Barakhamba,28.62981766,77.22595347,60,10,6
EESL Gopal Das Building,28.63143715,77.22343991,60,6,8
EESL HP Petrol Pump,28.63195905,77.22212172,30,5,8
"EESL Block M, CP",28.63314358,77.22298998,50,9,3
EESL Shanker Market,28.63382667,77.22352744,50,7,7
EESL KTM,28.63372677,77.22193874,50,6,8
EESL M Block,28.63385213,77.2218576,30,11,5
EESL Snow White,28.63410545,77.22086228,60,7,6
EESL Croma,28.63418123,77.22131977,30,11,7
EESL Ferns n Petal,28.63457602,77.22062451,60,7,7
EESL Van Heusen,28.63296432,77.21796241,50,11,5
EESL Block B,28.6319879,77.21694388,60,10,6
EESL PVR Plaza,28.63518078,77.21960047,50,8,3
EESL Block H,28.63455142,77.21791736,60,7,7
EESL Iqbal Bros,28.6339199,77.21740165,60,5,6
EESL Block A,28.63259875,77.21833827,30,11,8
EV Plugin Charge Cross River Mall,28.65740137,77.30219421,50,8,3
EESL Adwant Chowk Noida,28.49920006,77.41280883,60,9,0
ESSL SPCI Noida,28.544704,77.327263,30,10,6
ESSL Sector 50 Market,28.57088871,77.36212105,60,10,6
EESL Sector 51 Noida Afinity Salon,28.5774085,77.36097525,50,11,8
EESL Ganga Shopping Complex Noida,28.56789299,77.33526717,50,6,5
EESL Kirti Mann Plaza Noida,28.57299555,77.34050954,60,6,2
EESL RTO Office Noida,28.58764829,77.35208677,30,7,0
EESL Shopprix Mall Noida,28.59717534,77.36480344,50,6,9
EESL Opp Sasta Sundar Hospital Sector 58 Noida,28.60488569,77.35958439,50,7,7
EESL HCL Sector 8 Noida,28.59505075,77.33041905,50,11,5
EESL Tata Advance Systems Noida,28.5961692,77.32663,50,5,0
EESL Jain air Travels Sector 2 Noida,28.58486471,77.31503159,60,9,7
EESL Alka Cinema Noida,28.58260686,77.31284358,50,11,0
EESL Electronic City Metro Station,28.626475,77.375142,60,7,2
"EESL H- Block Market, Haldiram",28.6281915,77.375303,30,10,9
EESL Prayas Bhawan Naya Raipur,21.163948,81.788547,60,8,6
Anert -EESL Sangamukham Kerala,8.481360724,76.91248155,30,11,5
KSEBL Viyyur,10.56044924,76.21714424,50,7,3
ANERT EESL thycaucd ,8.492852084,76.95801444,30,9,6
ANERT Zivah EV charger,8.50884848,76.94622254,30,6,8
EESL Mantralaya Naya Raipur,21.16012192,81.79515321,50,10,9
TS Transco Vidyut soudha,17.41406061,78.45778047,30,10,5
TSIPARD ,17.31694482,78.40246655,30,7,6
HPCL Autocare Sajgaon,18.79320299,73.29699392,60,11,1
Lifeon Industries,19.06895357,73.02251015,60,6,2
Relux Experience Centre (ABS e-auto & Charger),13.00777749,80.20730884,50,6,1
Hotel Aishwarya Bhavan (Safa Electric),12.24034498,79.66228159,30,10,4
Sihla Energy Sihla Energy,10.73477485,76.04854399,30,10,2
Ammayii Hotel & Resorts (PKS Charging Station),12.23639376,79.08960088,60,7,0
AARGO CSC MINTO ROAD,28.63547,77.2213,50,11,8
AARGO GOLDEN GALAXY HOTEL,28.288075,77.295116,30,11,0
AARGO ASLI PAPPU DHABA,27.832687,77.418785,60,10,5
Hemank Auto Parts,18.621902,73.82497,50,11,2
"HPCL autocare,Sajgaon",18.793453,73.297219,30,8,2
Hotel swagat INN,21.30157137,72.95378153,60,10,9
MH|MUMBAI|POWAI#HIRANANDANI GARDENS,19.11999443,72.9141036,50,11,3
MH|TALASARI|HOTEL SAHYADRI,20.22117727,72.88122971,50,7,6
"GJ|NAVSARI|NH 8,GRID ROAD",20.94457359,72.962844,30,7,7
"HONEST RESTAURANT NH8,MIYAGAM,MIYAGAM KARJAN,GUJARAT",22.02415767,73.11753277,60,8,1
BESCOM HSR LAYOUT,12.91162361,77.64899678,30,5,2
BESCOM BTM LAYOUT,12.91895366,77.61247565,30,8,6
BESCOM KATRIGUPPE,12.93068034,77.57662739,50,7,1
BESCOM BYATARAYANAPURA,12.9499757,77.540718,30,8,2
BESCOM MURUGESHPALAYA,12.95898377,77.66440273,50,10,8
BESCOM INDIRANAGAR,12.96495904,77.64423453,30,10,5
BBMP CORPORATION OFFICE,13.02425398,77.53671856,60,9,1
SHIVAJINAGAR TTMC,13.06689523,77.44430974,30,8,2
BESCOM BANASWADI,13.02043003,77.64093356,60,6,7
BESCOM MAHADEVAPURA,12.99493599,77.69924534,50,10,8
BESCOM YALHANKA,13.09596479,77.59452594,50,7,0
BESCOM JALAHALLI,13.05335357,77.54322724,30,7,6
BESCOM MATHIKERE,13.03823943,77.55775104,60,9,0
BESCOM -PEENYA SRS O&M,13.03211103,77.52748284,30,5,6
EESL High court station,13.088249,80.285359,60,7,0
EESL High court station,13.088249,80.285359,60,11,5
EESL Chennai Egmore metro,13.079097,80.261538,60,6,2
EESL Chennai Egmore metro,13.079097,80.261538,50,7,0
EESL Saidapet Metro station,13.0237,80.2282,60,10,1
EESL Tirumangalam Metro station,13.0853,80.2016,30,8,6
EESL Thirumangalam Metro,13.0853,80.2016,60,10,7
EESL Chelmsford Club,28.61826041,77.21256986,60,10,5
EESL Chelmsford Club,28.61826041,77.21256986,50,6,6
u00a0EESL Sushma Swaraj Bhawan,28.59583333,77.18055556,50,9,5
EESL Delhi Haat,28.572793,77.208662,30,5,2
EESL Chelmsford Club,28.61826041,77.21256986,30,10,4
EESL Chelmsford Club,28.61826041,77.21256986,30,6,2
EESL Legislative Assembly Goa,15.51047222,73.83722222,30,8,9
ANERT-EESL Ernakulam Kerala,9.977164,76.27777,50,11,0
HAREDA EESL Panchkula,30.695929,76.834874,60,10,1
ANERT-EESL AUTOKAST Kerala,9.63628,76.3352,30,5,2
ANERT-EESL Sangamukham Kerala,8.481159,76.912456,50,6,2
ANERT-EESL Thycaud Kerala,8.4927752,76.9572956,50,9,5
KSEB NEMOM,8.460016017,77.00402472,60,11,9
KSEBL OLAI,8.892952791,76.57878733,60,9,6
KSEBL PALARIVATTOM,10.00552573,76.3050448,60,6,2
KSEBL VIYYUR,10.56052307,76.2172408,50,5,1
KSEBL NALLALAM,11.20838069,75.80848587,60,10,1
KSEBL CHOVVA,11.86893912,75.40316573,60,8,0
MG AHMEDABAD MAKARBA,22.996681,72.498226,30,6,9
MG BENGALURU,12.865032,77.657853,30,9,0
MG GURGAON SECTOR 15,28.462298,77.048472,50,7,7
IOC MADINAGUDA,17.494851,78.336467,30,8,3
HMR MADHAPUR,17.435968,78.40003,30,6,7
MG HYDERABAD JUBILEE HILLS,17.523923,78.430328,50,8,2
HMR BEGUMPET,17.438229,78.457263,50,11,1
IOC BEGUMPET,17.444838,78.466949,30,6,3
MG MOHALI SECTOR 82,30.661356,76.731482,60,8,8
MG DELHI SHIVAJI MARG,28.66196,77.152242,60,5,8
MG DELHI LAJPAT NAGAR,28.564863,77.236743,60,8,0
McDonalds,16.6869187,74.2703805,30,7,4
Hotel Marigold,17.437257,78.4522943,60,6,3
BSES RAPID CHARGING ZONE,28.62145,77.293556,60,6,2
Relux Experience Centre (ABS e-auto & Charger),13.00777749,80.20730884,50,10,7
Hotel Aishwarya Bhavan (Safa Electric),12.24034498,79.66228159,50,8,5
RR Charging Station (RR Charging Station),12.77988445,78.71776971,60,5,3
Sihla Energy Sihla Energy,10.73477485,76.04854399,30,9,9
Hotel Sangeetha (Duriyam Charging Station),11.19362344,78.10483415,60,8,1
Hotel Temple City Lake (Inn KSN Charging Station),9.987081053,78.24154444,50,8,8
Alps Residency - A Bergamont Group of Hotel-,12.54250304,78.20153274,60,10,3
Sri Durga Bhavan Elite (Devika Yogaraajan Charging Station),12.9023796,78.93386744,60,11,7
AIMA Charging Station ,10.887677,76.189595,50,10,5
Bhimas Residency Hotel ,13.62754649,79.43056383,30,9,2
RMS Towers (Ero_G Electric Charging Station),11.30199446,77.60004376,60,7,0
Hotel JAS,17.39957297,82.68113802,30,10,7
Unger India pvt India,28.499,77.08356,60,7,3
Paschim Vidyut Vitaran Pologround,23.24006,75.78122,50,6,3
ADYAR ANANDA BHAVAN,11.591985,78.627219,50,10,9
SREE ANNAPOORNA HOTEL,11.175093,77.263374,30,10,1
VR MALL WHITEFIELD,12.996362,77.695802,60,8,3
THE FORUM MALL,12.934801,77.610918,30,8,0
Kanthari Restaurants & Banquets,9.4551752,76.5425594,60,10,0
BROOKFIELDS MALL ,11.008935,76.95954,30,11,6
HiLITE Mall,11.2484737,75.8335122,30,9,6
HOTEL SURYA COMPLEX,12.582141,78.157101,50,11,9
MALL OF MYSORE,12.298073,76.664021,30,6,2
SHREE SARAVANA BHAVAN,11.519342,77.935042,50,11,0
Aswins Veg Restaurant,11.2064644,78.8812406,30,8,9
Cafu00e9 Udupi Ruchi,11.7194357,79.3364597,50,9,4
Grand mall,10.0243734,76.3088679,50,10,1
Hotel Kodai International,10.2428087,77.4983634,30,6,0
Hotel Kadamba ,12.9019627,77.468995,30,11,7
Annapoorna Cafe,10.2230435,76.3755255,30,5,6
D square Mall,12.6462747,78.0470111,50,6,0
Hotel Devaragam,10.5955128,76.0443322,50,6,1
Gokul Oottupura NH 47 Veetarian Restaurant,10.0111333,76.3123714,50,9,9
ADAYAR ANANDA BHAVAN,12.297694,79.73365,60,6,4
Adyar Ananda Bhavan I Navakkarai,10.8559461,76.8625309,50,6,6
Adyar Ananda Bhavan I Rasipuram,11.4922712,78.1535774,60,6,5
Ganpat Grand I Palani,10.4425816,77.5203903,60,11,6
Aasai Aasai Anandha Bhavan | Omalur,11.7592238,78.4273441,50,11,7
Hotel Temple City I Thirumangalam,9.7590386,77.9791582,50,7,3
Hotel Temple City I vadippatti,10.0804337,77.9776792,60,11,7
Hotel Paakashala I Yediyur,12.9902212,76.8816809,60,7,6
A S M ABDUL CADER AND CO,12.99431,80.18706,50,7,8
"BP,GHAR-MARAIMALAI NAGAR",12.78326,80.01671,30,9,0
SAKTHI MADUMALAR AGENCIES,12.43395,79.83235,60,6,5
SRI VENNI AGENCIES,12.16381,79.61146,50,7,5
RAVIE AGENCIES,12.06382,79.54755,50,11,3
BP-ULUNDURPET,11.71881,79.33575,60,8,0
BP-TRICHY,11.03248,78.80801,30,6,4
KARTHIK AGENCIES,11.00462,78.78876,30,5,1
SRI RAJAN ENTERPRISES,10.02184,78.31352,50,8,8
BP-OTHAKKADAI,9.9445,78.15418,50,7,3
GJ | Ahmedabad | Abhinav Girls Hostel Bodakdev,23.058,72.5001,60,11,9
Hotel Bliss | Tirupati,13.6253731,79.4322333,50,11,5
Bhimas Residency Hotel ,13.62754649,79.43056383,50,7,6
"Jayalakshmi Auto, Gudavalli",16.5129225,80.7497565,50,5,5
"Garuda Food Court, Komirepalle",16.778579,81.221054,50,8,9
"Shiv Shanker Motors, Gajuwaka",17.68429,83.185923,30,11,0
"Shiv Shanker Motors, Kancharpalem",17.738719,83.26258,60,8,0
"Croma u00e2u0080u0093 MVR Complex, Waltair Uplands",17.725417,83.315175,30,9,4
"IOCL - NAVABHARAGAVA FILLING STATION, Vijayawada - Hyderabad Hwy",16.5812639,80.5263493,60,10,7
"Highway Grand World, Chennai-Tirupati Highway NH 716",13.29360934,79.58170947,50,9,9
"Hotel Sapthagiri Holiday Resorts,Tirupati u00e2u0080u0093 Bangalore  Highway",13.37412051,79.09210293,30,8,8
"Hotel Sapthagiri Holiday Resorts,Tirupati u00e2u0080u0093 Bangalore  Highway",13.4799438,79.1897903,60,5,1
"IOCL Sree Devi Prasad Services, Naamavaram",17.3736805,82.5862594,50,6,7
"Nandi Food Plaza, Nalagam palli",13.2035919,78.9415658,30,5,8
"River Bay Resorts, Gautami Ghat",16.9921196,81.7735774,50,9,5
"IOCL - KOORAPATI SERVICE STATION, Tirupati",13.6207096,79.3828146,50,6,6
"IOCL - Sai Krupa Filling Station, SH 26",15.1462972,77.3774561,60,6,9
"Sasya Auto Cars, Bellari X Roads - NH 44",15.8305662,78.0179892,60,11,2
"Sasya Automotives, Near EENADU Office - NH 44",15.8498643,78.0045003,60,6,1
"PNR Function Hall, Chennai-Ballary Highway",14.7529922,78.5550768,60,7,1
IOCL - TIRUMALA AGENCIES,17.0758862,82.1217314,50,7,9
Hotel JAS,17.39957297,82.68113802,30,9,4
"Utkarsh Mototech, Assam Trunk Rd",26.164406,91.715516,50,5,4
"Pragati Trading, NH 37",26.7470487,94.1680718,60,7,8
"Ashutosh Motors, Lokhra",26.111365,91.746149,30,6,7
"Ashutosh Motors, near NHPC Godown",26.3123315,92.6401864,30,5,9
"Sarawgi Motors, Saukuchi",26.111877,91.759799,30,5,7
"DN Regalia Mall, Patrapada",20.240903,85.758056,30,6,4
"Shankar Motors, Patliputra Industrial Area",25.634199,85105514.0,30,11,1
"Shankar Motors, Prem Nagar",25.2522094,87.0450289,50,9,6
"Bahubali Motors, Transport Nagar",21.2567897,81.5594445,50,9,2
"Jagdalpur Motors, Geedam Road",19.0657802,81.9635956,30,11,7
"Goyal Coal Sizing, Pendridih",22.0136612,82.0487988,30,10,9
"Prince Guest House & Restaurant, Transport Nagar",21.3194434,81.6372966,50,5,6
"BHASIN VENTURES, Telibandha",21.2378172,81.6896148,50,11,4
"Sairam Automobiles, Krishna Nagar",21.2165392,81.401487,30,5,5
GJ | Chikhali | Chikhli - Hotel Empire,20.6909,72.9496,50,10,5
"Live Box Hyphen, Sahastradhara Road",30.364799,78.0853527,60,11,6
BSES RAPID CHARGING ZONE,28.62145,77.293556,60,10,2
MG DELHI SHIVAJI MARG,28.66196,77.152242,60,7,9
MG DELHI LAJPAT NAGAR,28.564863,77.236743,50,6,6
EESL Chelmsford Club,28.61826041,77.21256986,30,11,7
EESL Chelmsford Club,28.61826041,77.21256986,50,8,7
u00c2u00a0EESL Sushma Swaraj Bhawan,28.59583333,77.18055556,60,6,6
EESL Delhi Haat,28.572793,77.208662,50,10,8
EESL Chelmsford Club,28.61826041,77.21256986,30,9,9
EESL Chelmsford Club,28.61826041,77.21256986,30,6,4
"GO AUTO/ Treo Tata, Safdargunj",28.56483,77.18891,30,11,4
"Autovikas, Motinagar",28.66078,77.1536,30,6,2
"Westside, Lajpat Nagar",28.56817,77.24112,60,5,6
"IOCL - WELCOME MOTORS, Saket",28.5279341,77.2156347,50,10,0
"Malwa Automobiles, Rohini",28.709289,77.135499,60,9,8
"IOCL - Nineteenth Hole Service Station, Dr Zakir Hussain Ro",28.60259,77.237904,60,7,8
"IOCL - Sabarwal Service Station, RK Puram",28.564625,77.177461,50,6,7
"AIRIA MALL, Sec 68 Sohna Road",28.383022,77.05228,50,10,2
"IOCL - Jai Sai Motors, Okhla Phase 1",28.527674,77.273003,60,8,1
"IOCL - COCO, Jungpura",28.587135,77.241353,50,10,3
"IOCL - Irwin Petrol Pump, Connaught Place",28.62932,77.21262,60,10,4
"IOCL - RK Service Station, ChanakyaPuri",28.58342,77.191319,60,6,7
"IOCL - Intimate Filling Station, Soami Nagar",28.543012,77.220429,30,6,5
"True North, Mayapuri",28.633301,77.126961,30,5,6
"IOCL - COCO Niti Marg, Chanakyapuri",28.599629,77.195806,50,5,0
"Sagar Motors, Dilshad Garden",28.676246,77.31768,50,7,4
"Pacific Mall, Tagore Garden",28.6422188,77.1058913,30,8,9
IOCL Risal Petro Delhi,28.7324265,77.1986248,30,7,1
IOCL Paul Motors Delhi,28.61986668,77.11398244,60,10,8
IOCL Bedi Saxena Delhi,28.627092,77.121841,30,6,5
AARGO CSC MINTO ROAD,28.63547,77.2213,50,8,4
"IOCL - Citi Fuels, Virender Nagar",28.622486,77.09547,60,10,7
"IOCL - Gay Service Station, Azadpur",28.703312,77.181109,30,9,1
"Pacific Mall,  Dwarka",28.5512199,77.056702,50,6,3
"Vardhaman Times Plaza, Pitampura",28.6874177,77.1341163,60,8,2
"HPCL - Delhi Punjab Fuel Station, Singhu Border",28.8558802,77.1245004,50,10,1
"DLF - The Crest, Sec 43",28.4438196,77.1117253,30,9,8
"DLF - The Camellias, Golf Course Road",28.451114,77.100126,60,5,5
IOCL - AAUI Service Station ,28.6179662,77.2487894,50,10,9
"Ginger Hotel, Sector- 63",28.6257406,77.3753188,30,9,8
"Vatika Market Place I, Sector 84",28.4022133,76.969045,30,9,6
"Vatika Market Place II, Sector 83",28.391085,76.97266,50,10,8
"Worldmark 2, Aerocity",28.5494799,77.1213702,60,6,1
"Worldmark 2, Aerocity",28.5494799,77.1213702,30,10,4
"Worldmark 3, Aerocity",28.5516849,77.1216672,30,8,1
"Worldmark 3, Aerocity",28.5516849,77.1216672,30,7,8
"Worldmark Gurgaon, Sector 65",28.3977181,77.0715213,60,6,7
"Worldmark Gurgaon, Sector 65",28.3977181,77.0715213,50,5,2
"Sree Gokulam Motors, Kolancherry",9.976850008,76.45768854,30,5,4
EESL Legislative Assembly Goa,15.51047222,73.83722222,30,11,5
"Terry's Super Market, Porvorim",15.50636,73.82488,30,5,8
"Priority Auto lincs, Taleiga",15.469336,73.820463,60,9,2
MG AHMEDABAD MAKARBA,22.996681,72.498226,30,5,6
Hotel swagat INN,21.30157137,72.95378153,60,10,7
"HONEST RESTAURANT NH8,MIYAGAM,MIYAGAM KARJAN,GUJARAT",22.0242,73.1175,60,10,6
"Ginger Vastrapur, Drive In Road",23.04626,72.53069,30,10,5
"Westside, Ellisbridge",23.02938,72.56142,30,5,3
"Progressive Cars, SG Highway",23.014261,72.503947,60,8,4
"Riya Autolink, Ambli BRTS Bus Stand",23.02558,72.47991,50,8,1
"Pramukh Auto, Umiya Nagar",21.164948,72.835879,50,9,3
"Jai Ganesh, Kothariya",22.227526,70.801092,60,7,9
"Shreeji Automart, Piplod",21.159829,72.770603,50,10,0
"IOCL Manjalpur, GIDC Rd Manjalpur",22.271793,73.190795,60,7,8
"ABC Autolink, NH 64 Ranoli",22.403828,73.13455,60,10,0
"IOCL Kevadia, Garudeshwar",21.885704,73.688136,60,8,9
"Fairfield by Marriott, Ashram Rd",23.0522787,72.5710882,50,11,1
"Ahmedabad One Mall, Vastrapur",23.0397522,72.5318124,50,10,9
"Ahmedabad One Mall, Vastrapur",23.0397522,72.5318124,30,11,2
"IOCL - Sardar Petro Station, Bakrol",22.935404,72.520954,30,5,0
"Parin Motors, NH8 Gondal Highway",22.225264,70.801197,60,7,9
"HP Service Center, Sola ",23.0633903,72.5317625,60,10,3
"HP Autocare , Bodakdev",23.0332201,72.5137528,30,8,5
Comfort Inn Legacy By One Earth,22.2967048,70.7991222,60,11,1
"Hotel Suba Grand, Dahej",21.7164114,72.6562979,60,10,2
"Hotel Suba Elite, Fatehganj Main Road",22.3205834,73.1883779,60,7,5
"Click Hotel, Junagadh",21.52840996,70.45845795,30,6,7
"Click Hotel, Bhuj",23.2655334,69.6786728,50,9,3
Unger India pvt India,28.499,77.08356,60,7,6
MG GURGAON SECTOR 15,28.462298,77.048472,50,8,8
HAREDA EESL Panchkula,30.695929,76.834874,60,5,8
AARGO GOLDEN GALAXY HOTEL,28.288075,77.295116,60,11,7
"SNEH DHABA, NH 1 Ganaur",29.157569,77.035833,60,5,9
"Vatika City Point, Sec 25",28.4811468,77.0831202,60,7,5
"IOCL - Tapan Auto, NH 22",30.8873188,77.0879411,50,7,3
"Daisy Motors, TML - CV, Hisar",29.1259617,75.8027817,50,7,2
"Croma, Ramanthapur",17.499345,78.541866,30,7,6
"Mr. Lalit Jenau00e2u0080u0098s Site, Panikoili",20.9238315,86.2494284,30,5,6
"Arise Autoz, Narwal Byepass",32.70661,74.89568,60,11,4
"Asia One Earth, Jammu Tawi",32.713043,74.8598406,60,9,9
"ASL Motors, Industrial Area",22.79094,86.14731,60,8,0
"Basudeb Auto Limited, Shanti Nagar",23.371302,85.350737,30,5,5
"Tata Steel Car Parking, Northern Town",22.800099,86.188305,30,11,5
"Sakchi - Parking, Basant Central",22.802611,86.203633,50,8,5
"Ambagan - Parking, Jubliee Park gate",22.808483,86.198276,50,6,7
"SS Motogen, Barwadda",23.848551,86.441642,30,9,2
"Ginger Hotel, Bistupur Main Road",22.78778833,86.18442833,60,9,2
THE FORUM MALL,12.934801,77.610918,60,8,1
MALL OF MYSORE,12.298073,76.664021,30,7,9
Hotel Kadamba ,12.9019627,77.468995,50,7,1
MG BENGALURU,12.865032,77.657853,30,11,4
BESCOM HSR LAYOUT,12.91162361,77.64899678,60,9,3
BESCOM BTM LAYOUT,12.91895366,77.61247565,50,9,9
BESCOM KATRIGUPPE,12.93068034,77.57662739,60,8,2
BESCOM BYATARAYANAPURA,12.9499757,77.540718,50,5,9
BESCOM MURUGESHPALAYA,12.95898377,77.66440273,50,9,6
BESCOM INDIRANAGAR,12.96495904,77.64423453,50,5,4
BBMP CORPORATION OFFICE,13.02425398,77.53671856,60,6,0
SHIVAJINAGAR TTMC,13.06689523,77.44430974,50,11,1
BESCOM BANASWADI,13.02043003,77.64093356,30,6,9
BESCOM MAHADEVAPURA,12.99493599,77.69924534,60,10,4
BESCOM YALHANKA,13.09596479,77.59452594,30,8,1
BESCOM JALAHALLI,13.05335357,77.54322724,30,10,2
BESCOM MATHIKERE,13.03823943,77.55775104,60,9,6
BESCOM -PEENYA SRS O&M,13.03211103,77.52748284,60,6,0
Hotel Paakashala I Yediyur,12.9902212,76.8816809,60,6,1
Hotel Mayura Veg I Yediyur,12.9877075,76.8744784,50,6,1
HOTEL SKY BIRDS I HASSAN,12.9873093,76.2061067,50,10,8
Indradhanush Restaurant I Mudagere,12.6395692,77.1413769,30,7,1
"Adishakti, Veeranpalya",13.04279,77.6093,50,5,5
"AB Infra Limited, old MIDC",12.99929,77.54963,60,10,2
"Key Motors, Kanakapura",12.90392,77.57349,60,5,7
"Ginger Whitefield, SAP Labs Rd",12.97692,77.71861,50,10,7
"Ginger Koramangala, Domlur",12.95234,77.63997,60,11,2
"Prerna Motors, Kudlugate",12.89083,77.63821,50,11,0
"KHT, Whitefield",12.96684,77.71657,50,8,0
"Kropex, Electronics City",12.872053,77.651174,30,7,4
"Dyuthi Automobiles, Hunsur Road",12.3255681,76.6102634,30,5,7
"Jubilant Autoworks, Padukodi",12.923728,74.831066,60,5,5
"Urs Kar motors, New Kantharaj Road",12.2951473,76.6415085,60,9,0
"Kalinga Tavern Residency, Hatna",12.9770904,76.8311918,30,9,9
"Adisakti Motors, Davangere",14.441957,75.95206,30,6,1
"Sree Auto, BH Road Tumakuru",13.344796,77.080192,60,7,9
"Manickbag automobiles, Udyambag",15.8191673,74.4937744,50,9,9
"Key Motors, Bannerghatta Road",77.597289,12.889141,30,6,8
"Dakshin Motors, NH - 4",13.9241147,76.6400077,50,5,9
"Taj Hotels Chikmagalur, KM Road",13.3366283,75.8178783,50,8,3
"Automatrix - Hassan, Bangalore-Mangalore Highway",12.9952076,76.07946736,60,9,6
"Click Hotel, Sadahalli",13.192134,77.646586,50,7,8
"Ginger Hotel, Near Kottara Chowki Junction",12.90902658,74.83596972,50,5,0
"SVS Tyres, sastapur - NH 65",17.8218258,76.9393922,50,11,1
Kanthari Restaurants & Banquets,9.4551752,76.5425594,50,11,4
HiLITE Mall,11.2484737,75.8335122,50,10,3
Grand mall,10.0243734,76.3088679,50,7,7
Annapoorna Cafe,10.2230435,76.3755255,30,7,9
Hotel Devaragam,10.5955128,76.0443322,30,5,9
Gokul Oottupura NH 47 Veetarian Restaurant,10.0111333,76.3123714,60,9,7
ANERT-EESL Ernakulam Kerala,9.977164,76.27777,30,8,0
ANERT-EESL AUTOKAST Kerala,9.63628,76.3352,60,7,3
ANERT-EESL Sangamukham Kerala,8.481159,76.912456,50,6,2
ANERT-EESL Thycaud Kerala,8.4927752,76.9572956,50,7,9
KSEB NEMOM,8.460016017,77.00402472,30,10,7
KSEBL OLAI,8.892952791,76.57878733,50,5,6
KSEBL PALARIVATTOM,10.00552573,76.3050448,50,7,0
KSEBL VIYYUR,10.56052307,76.2172408,60,6,4
KSEBL NALLALAM,11.20838069,75.80848587,60,11,7
KSEBL CHOVVA,11.86893912,75.40316573,60,5,8
Adyar Ananda Bhavan I Navakkarai,10.8559461,76.8625309,60,10,0
Sihla Energy Sihla Energy,10.73477485,76.04854399,50,10,9
AIMA Charging Station ,10.887677,76.189595,60,9,2
"CoastLine Garages, NH 47 Muttom",10.077281,76.337656,30,5,7
"CoastLine Garages, Kannur Road",11.282287,75.770054,30,9,0
"Marina Motors, Pantheerankavu",11.217,75.85801,50,6,6
"IOCL - JRO Pongam, Thrissur",10.245487,76.369589,50,10,2
"Sree Gokulam Motors, Nettoor",10.039145,76.315574,30,5,6
"Hyson Motors, Punkunnam",10.540817,76.189423,30,7,7
"KVR Dream vehicles, Nadal",11.83301,75.42643,30,8,7
"Muthoot Automotive, Mevaram",8.87386,76.64112,30,8,2
"KVR Dream vehicles, Vidya Nagar",12.51382323,75.02713173,30,6,6
"IOCL - SR Adhoc u00e2u0080u0093 COCO, Vytilla",9.9685,76.312879,60,10,1
"Gokulam Grand, Kovalam",8.390198,76.976356,50,9,2
"Gokulam Sabari, Guruvayur",10.596516,76.04243,50,8,6
"Sree Gokulam Motors, Edapally",9.9261126,76.317879,60,8,8
"Malayalam Vehicles, Vytila",9.9644345,76.3184956,30,8,8
"Misty Mountain Teyla, Peermade",9.5802797,76.9701859,60,6,2
"Misty Mountain Teyla, Mundakayam",9.5447482,76.877561,50,7,6
"Ginger Hotel, Kazakuttom",8.5615919,76.8763933,30,9,8
"Malayalam Vehicles, Aluva",10.0999671,76.3476841,30,6,7
GJ | Limbdi | HFM (Highway Food Mall) ,22.5676,71.7741,60,7,9
Paschim Vidyut Vitaran Pologround,23.24006,75.78122,60,9,8
"Hriday Cars, AB Road",22.7307225,75.8893731,60,6,8
"Varenyam Motor Car, Industrial Area",23.259006,77.456769,60,11,5
"IOCL COCO u00e2u0080u0093 Extoll College Br., Bhawadita Kalan",23.182404,77.432496,50,11,9
"CR - Bhandup Station, Bhandup East",19.1420246,72.937755,50,11,3
"Trimurti Petroleum, Panvel",18.9563188,73.1626506,50,11,1
"Hotel Suba International, Andheri East",19.1063175,72.8603219,60,10,5
"Hotel Suba Galaxy, Andheri East",19.1142415,72.8518766,50,7,5
"Hotel Suba Palace, Fort",18.9241214,72.8328155,60,11,1
Hemank Auto Parts,18.621902,73.82497,60,7,0
"HPCL autocare,Sajgaon",18.793453,73.297219,60,5,6
MH|MUMBAI|POWAI#HIRANANDANI GARDENS,19.12,72.9141,50,6,3
MH|TALASARI|HOTEL SAHYADRI,20.2212,72.8812,30,8,5
"GJ|NAVSARI|NH 8,GRID ROAD",20.9446,72.9628,60,10,1
McDonalds,16.6869187,74.2703805,30,10,3
"Select Cars, Sanath Nagar",17.45608,78.44656,60,5,7
"Select Cars, Alkapuri",17.3649,78.55747,50,5,3
"Ginger Mumbai, Andheri East",19.11599,72.85018,30,5,2
"Tata Power RS, Versova",19.13052,72.83056,50,6,6
"Inderjit Cars, Andheri West",19.14207,72.83241,30,11,7
"Heritage Motors, Panchpakhadi",19.1972,72.96321,60,8,0
"Tata Power, Vikhroli",19.095269,72.926195,60,11,0
"SAB Motors, Patel Nagar",28.67458,77.42895,30,11,8
"Multitech Motors, Sec 27 Faridabad",28.41873,77.31114,50,5,9
"Sparsh , Garg Plaza - Dwarka",28.60585,77.08133,30,8,7
"Rudra Motors, Wagholi",18.57391,73.9589,60,11,2
"Bafna, Tathawade",18.62343,73.74568,50,11,1
"Croma Pune, Aundh",18.55368,73.80696,50,11,4
"Godrej One, Vikhroli",19.0925655,72.9223514,50,8,5
"Inderjit Cars, Mira Road",19.277922,72.880256,50,11,6
"IOCL, Breach Candy",18.96555,72.80346,30,10,3
"Puneet, Prabadevi",19.01296,72.82652,60,6,5
"SAB Motors, Loni Road - Industrial Area",28.683213,77.377082,30,6,9
"Croma, L.B. Nagar",17.352657,78.546636,50,11,8
"Sai Baba, Theregaon",18.611143,73.783103,30,7,4
"Sridha Motors, Chakan",18.77893,73.87099,50,7,7
"Bikanerwala, NH 48 Panchgaon",28.323394,76.901196,50,5,5
"IOCL - COCO, Prabhadevi",19.018857,72.831076,50,11,6
"Nangia Cars, Hinghna",21.13459,79.004423,60,5,3
"Jitendra Wheels, Ambad",19.950077,73.749175,60,7,2
"Tata Power, Dharavi Colony",19.034402,72.85284,50,10,8
"Unique Automobiles, MIDC Shiroli",16.753021,74.279095,30,8,0
"Dhoot Motors, Adalat Road",19.872922,75.318613,30,8,4
"Nathani Heights, Mumbai Central",18.9688627,72.8207138,50,9,6
"Amanora Mall Big Bazar Parking, Hadapsar",18.51873971,73.936184,50,8,1
"Amnora Sport Arena, Hadapsar",18.51566576,73.94607248,60,9,4
"CSMT Station, Fort",18.9453551,72.8383287,30,9,8
"Mahanagar Gas Limited, Wadala",19.0472567,72.8783829,60,9,2
"IOCL COCO, BKC",19.0599578,72.8647916,50,7,6
"Vivera Hotels & Resorts, Loc 1, Narketpally",17.212796,79.166746,30,11,0
"Highway Hospitality, Rajugari Thota",17.1525348,79.5699188,50,11,2
"Zenith Chemical Works Pvt Ltd, Andheri East",19.1157451,72.8682563,50,6,8
"Panchjanya Motors, Bhosari",18.61547,73.84618,50,10,4
"Panchjanya Motors, Chinchwad",18.648576,73.798872,30,5,0
"Hotel Sai International Yelur, Sangali",16.956461,74.275721,50,10,0
"Sangam Hotel, Pune- Bangalore Road",17.2737243,74.1802756,50,11,0
"Amrai Hotel & Resort , NH 4 Shendre",17.63820763,74.01209174,50,8,7
"AH Group, Hinjewadi Phase I",18.589877,73.7383657,60,10,0
"Jaika Motors, Civil Lines",21.155667,79.078708,60,6,9
"IOCL Kini Causway, Bandra West",19.051601,72.838011,30,9,2
"IOCL Hundred Percent Filling & Service Station, Dwarka",28.578641,77.05962,30,7,7
"Vikarsh Nano technology, Dhangarwadi",18.11289,73.98985,60,5,5
"Oberai Motors,  ISBT Rd",30.289739,77.998788,30,6,5
"IOCL - COCO ALE 101, Mohabbatpur",26.968708,79.019513,60,7,3
"IOCL - COCO WRD, Agarkar Nagar",18.5269679,73.8655123,30,6,2
"MIDAS Auto, Industrial Area ",29.942456,78.144234,30,10,8
"Matsya Amazon Kitchens, Kurnool Rd",15.576915,77.93704,50,7,2
"Uniworld City, New Town",22.561997,88.492903,30,5,0
"Hotel Grand Leela Krishna, Bhimavaram",16.5451748,81.5199403,30,6,5
"Jadhav Solar & Automotives, Badnera",20.909443,77.7522447,30,6,5
"IOCL - SUJIT AUTOMOBILES, Bangalore-Kanyakumari Road",20.92258656,78.99986387,60,9,1
"Hotel Sanskruti , Trambakeshwar Rd",19.973146,73.68105,60,11,8
"RKL TML Showroom, Sec 9 GIDA",26.743642,84.263369,30,6,3
"Datson Electronics, Gorhe",18.423343,73.754875,60,5,3
"Ace Kudale Cycles, Manjri  Bk",18.4957722,73.97893593,60,8,9
"Hotel Dreamland, ST Main Market Mahabaleshwar",17.92564438,73.65552014,50,11,1
"ARDEE MALL, Sec 52 Gurgaon",28.444672,77.08082,50,7,2
"Hotel Baba Ramdev, Sirohi",24.973775,72.895964,60,11,8
"Hare Krishna Mahindra, Mulund West",19.163979,72.938751,60,9,5
"Brookfield, Powai",19.11637,72.91086,60,5,8
"Brookfield, Powai",19.11644,72.90968,30,6,1
"MG Ranchi, Line Tank Road",23.371745,85.326113,50,10,6
"MG Bhubaneswar, NH 16",20.352134,85.8903743,50,5,3
"Ginger Nashik , Satpur Colony",19.991881,73.743904,30,5,8
"TML- Sterling Motors , Renuka Nagar",19.9932,73.783133,50,7,9
"Satish Motors, Wanjarwadi",19.911983,75.232932,50,9,1
"Heritage Motors, Ghodbunder",19.25612,72.97145,60,6,7
"IOCL Karari Fuels, NH 44 Kishangarh",31.431348,75.620357,50,6,6
"IOCL Royal Petro, NH 44",29.731581,76.976511,30,9,3
"Smile Stone Motels, Kamargaon",18.9852363,74.5760075,50,6,0
"IOCL COCO u00e2u0080u0093 Central Jail RO, Rambagh",22.335789,73.173794,30,9,1
"IOCL - Vrindavan Fuels, Mangal Nagar,Manikbagh",22.6848351,75.8558249,50,10,2
"Chandrani Enterprises, Bogra",23.663888,87.057978,60,6,8
"TC Motors, Domjur",22.614383,88.273187,30,8,2
"Orange Auto, Erragadda",17.454398,78.434575,50,7,9
"Orange Auto, Karkhana",17.45848,78.5,60,10,5
"KRAFT AUTO, Bokaro Industrial Area",23.66473,86.073024,30,11,1
"IOCL COCO Palayamputhur, Palyampudur",12.0243727,78.0979115,60,6,6
"Four Points By Sheraton Hotel, Nagar Road",18.562826,73.922392,50,5,4
"IOCL - Ruchika Service Station, Mayur Vihar",28.6034988,77.3354221,60,11,7
"IOCL Laxmi Narayan Petroleum, Changodar",22.9378139,72.455668,50,9,1
"IOCL Om Petroleum, Kamod",22.9247437,72.5434955,60,7,0
"IOCL Omkar Petroleum, Subhanpura",22.3216986,73.154986,50,11,5
Hotel Mamalla,26.729623,88.373903,60,11,7
"Hotel Mamalla Heritage, Fisherman Colony",12.61860448,80.19400597,30,6,4
"Mahati Industries limited, Shankar Sheth Road",18.4995583,73.8685639,50,8,5
"Blue Moon Highway Restaurant, Bangalore-Hyderabad Highway",15.02395,77.620628,50,5,0
"Dion Automotives, Ankuli Bye Pass Road",19.298988,84.831762,50,10,6
"Shyam Automotive, AB Road",22.6520302,75.821321,60,8,3
"Aavas Hotels & Resorts, NH 16 Velampalli",15.6382976,80.0167529,60,11,6
"Sairam Automobiles, Light Industrial Area",21.206036,81.3418606,60,10,4
"Pacific Mall, Netaji Subash Palace",28.6933409,77.1531325,60,9,2
"Tristar Auto Agencies, RK Beach Junction",17.71241304,83.3184811,60,6,8
"Zostel, Dandeghar",17.9335258,73.8158574,60,5,5
"Rama Automobiles, Patilwada",18.99132729,73.94277954,60,11,8
"Hotel Temple View, Sai Nagar",19.7650352,74.4754592,50,10,8
"Oberoi Mall, Goregaon",19.1737611,72.8600172,50,11,9
"Oberoi Mall, Goregaon",19.1737611,72.8600172,60,5,3
"Daspalla Hotels, Suryabagh",17.7105539,83.3008275,60,8,8
"Hotel Greenland Towers, NH 6 & 16 ",22.380721,87.365968,50,6,8
"Trupti Enterprises, Bhagabanpur Industrial Area",20.238165,85.756643,50,5,3
"TDI Business Centre, Mohali",30.7366917,76.6803752,50,9,9
"Shree Balaji Autowheels, Moradabad",28.828917,78.7328429,30,11,0
"IOCL - Tikri Gas, Delhi",28.6868847,76.9849286,30,9,2
"Manickbag automobiles, Vidya Nagar",15.369541,75.119095,30,7,6
"Sonaee Veg Family Restaurant, Pune-Solapur Highway",18.487405,74.146125,50,10,5
"IOCL - Hemkund, Pasonda",28.6765653,77.341822,30,9,3
"The Grand Legacy, Panchgani-Mahabaleshwar Road",17.92655754,73.69586565,30,7,4
"The Grand Legacy, Panchgani-Mahabaleshwar Road",17.92655754,73.69586565,60,7,4
"Morya Transport Terminus, MIDC Bhosari",18.621396,73.8384375,60,10,2
"The Gateway Hotel, Ambad",19.9594519,73.7591054,30,7,5
"AB Infra Limited, old MIDC",18.4159831,76.5356299,30,8,0
"Click Hotel, Rane Nagar",19.9625471,73.7652956,60,6,8
"Click Hotel, Cidco",19.9116134,75.348291,60,10,3
"Aurangabad Smart City, Himayat Bagh",19.8942375,75.3280838,60,5,3
"Navagauri Tyres, MIDC",18.206925,74.6085667,50,8,0
MH | Nashik | Nashik | Car mall,19.9519,73.7541,50,11,6
MH | Nashik | Nashik | Car mall,19.9519,73.7541,60,10,8
"Dion Automotives,Samantarpur",20.227001,85.840966,60,7,5
"GUGNANI AUTOCARS, Pratap Nagari",20.40517,85.879782,60,7,9
"Gramps Auto, Bampada",21.497869,86.88961,50,9,4
"Lankeswari Motors, NH 6 - Gopalpalli Chowk",21.498344,83.956558,60,7,3
"Lankeswari Motors, Hatpada",18.8580983,82.5899867,60,7,8
"Hotel Vivanta, Patrapada",20.240856,86.758382,50,6,3
"DN Group Corporate Office, Nayapalli",20.296189,85.8040445,60,9,8
"GUGNANI AUTOCARS, Mancheswar Industrial Estate",20.3066647,85.8528189,50,10,3
"GUGNANI TYRES, Nayapalli",20.2854839,85.8093251,60,7,1
"Trupti Automotives, NH 16 - Manguli Chowk",20.529316,85.949237,50,11,4
"Trupti Automotives, Mohammed Jamalpur",20.9187324,86.2169827,60,10,6
"Trupti Automotives, Angul",20.8317557,85.2416603,50,9,9
"Trupti Automotives, NH 53 - Duburi",20.9502562,85.989753,30,10,2
"CSM Technologies, Khorda",20.3395267,85.80065,50,7,2
"CSM Technologies, Acharya Vihar",20.2996381,85.8309336,50,6,9
"Samal Equip, Nuahata",20.832862,85.2382584,50,8,4
"Ginger Hotel, Nayapalli",20.3,85.82,30,5,1
"IOCL - MC2, Industrial Area II",30.69649,76.79662,30,10,8
"Holiday Villa, Poladpur Road",18.6209574,73.8299842,60,9,5
"FPL Vehicles, Ariyankuppam",11.8945141,79.8026819,50,6,3
MG MOHALI SECTOR 82,30.661356,76.731482,50,6,8
"Gitansh Motors, GT Road Jugiana",30.857873,75.936632,30,9,6
"RSA Motors, Industrial Area II",30.6990516,76.7855313,60,11,7
"IOCL - COCO IT Park, Bhagwanpura",30.731143,76.836682,30,7,4
"IOCL - COCO 65, Sec -65",30.679836,76.746633,50,5,3
"Dada Motors, Heera Singh Nagar",30.9491373,75.826643,50,10,3
"One Earth Avaas, Amritsar",31.6461759,74.878269,60,6,7
"Shiv Shanker Motors, Hukumpet",16.9833296,81.7980427,60,7,5
"GPS Automobiles, Tonk Road",26.833144,75.7951,30,11,8
"Chambal Motors, Madri Industrial Area",24.574885,73.746285,50,9,4
"GPS Automobile, Parbatpura",26.4267566,74.6819745,30,9,4
"Shree Shyam Motors, VKI Area",26.972289,75.777332,30,11,7
"First Mobital, Tonk Road",26.7775967,75.8392813,50,9,6
"Roshan Motors, Adarsh Nagar",26.9013221,75.8354512,30,11,6
"Chambal MotoCorp, Surajpole",24.581106,73.696687,50,7,7
"Four Points By Sheraton, Tonk Road",26.8643722,75.7957703,50,11,9
"Yaksh The Art People, Delhi-Jaipur Highway",27.1590851,75.9603844,60,5,6
"Yash Motors, Subhash Nagar",25.38240223,74.61958377,60,8,1
"Yash Motors, Chittorgarh",24.8276645,74.6272935,60,5,2
"Umaid Lake Resort, Kalakho ",26.912864,76.466964,60,6,0
"Rajshree Resort, Saladwas",27.2377252,75.9485975,60,9,0
"Bravia Hotel, Vaishali Nagar",26.487745,74.6293164,50,9,7
"Dusk View Resort, near Bisalpur Dam",25.936068,75.458672,30,7,9
"Hotel Shemron, Neemrana",28.0088483,76.4639783,50,6,9
"Click Hotel, Raja Park",26.8923514,75.8257073,60,7,7
"Roshan Motors, Shahpura",27.4914624,76.0530077,50,5,3
"Click Collection, Sindhi Camp",26.9206169,75.7975173,30,10,9
JhalamandGarh Jodhpur,26.20977,73.0650083,60,6,9
RnB Shanti Seva Niketan,27.7363007,74.7426386,30,8,8
"Ginger Hotel, Civil Lines",26.9013484,75.7850126,60,7,6
"Sp Motors, Madri",24.57444,73.72351,50,6,8
"Visvakarma Hotel, Jhunhunnu",27.3449069,75.6020031,60,8,5
"Rangeet Auto, Rumtek Road",27.305524,88.585965,50,11,6
GJ | Surat | Kamrej ,21.221,72.8733,30,5,6
ADYAR ANANDA BHAVAN,11.591985,78.627219,30,11,4
SREE ANNAPOORNA HOTEL,11.175093,77.263374,60,8,0
BROOKFIELDS MALL ,11.008935,76.95954,60,7,3
HOTEL SURYA COMPLEX,12.582141,78.157101,50,10,2
SHREE SARAVANA BHAVAN,11.519342,77.935042,60,7,1
Aswins Veg Restaurant,11.2064644,78.8812406,60,5,9
Cafu00c3u00a9 Udupi Ruchi,11.7194357,79.3364597,60,10,8
Hotel Kodai International,10.2428087,77.4983634,60,7,9
D square Mall,12.6462747,78.0470111,50,5,5
ADAYAR ANANDA BHAVAN,12.297694,79.73365,50,11,3
EESL High court station,13.088249,80.285359,30,10,8
EESL High court station,13.088249,80.285359,60,7,8
EESL Chennai Egmore metro,13.079097,80.261538,50,6,8
EESL Chennai Egmore metro,13.079097,80.261538,60,11,5
EESL Saidapet Metro station,13.0237,80.2282,50,7,2
EESL Tirumangalam Metro station,13.0853,80.2016,30,6,9
EESL Thirumangalam Metro,13.0853,80.2016,50,6,0
Adyar Ananda Bhavan I Rasipuram,11.4922712,78.1535774,30,11,8
Ganpat Grand I Palani,10.4425816,77.5203903,30,6,8
Aasai Aasai Anandha Bhavan | Omalur,11.7592238,78.4273441,30,5,4
Hotel Temple City I Thirumangalam,9.7590386,77.9791582,60,8,6
Hotel Temple City I vadippatti,10.0804337,77.9776792,30,9,4
Relux Experience Centre (ABS e-auto & Charger),13.00777749,80.20730884,30,6,2
Hotel Aishwarya Bhavan (Safa Electric),12.24034498,79.66228159,50,9,2
RR Charging Station (RR Charging Station),12.77988445,78.71776971,50,11,3
Hotel Sangeetha (Duriyam Charging Station),11.19362344,78.10483415,50,6,2
Hotel Temple City Lake (Inn KSN Charging Station),9.987081053,78.24154444,30,10,8
Alps Residency - A Bergamont Group of Hotel-,12.54250304,78.20153274,60,5,5
Sri Durga Bhavan Elite (Devika Yogaraajan Charging Station),12.9023796,78.93386744,60,6,4
RMS Towers (Ero_G Electric Charging Station),11.30199446,77.60004376,50,8,3
Radisson Blu Resort Temple Bay I Mamallapuram,12.6238399,80.1945931,50,9,4
Spencer Plaza Mall | Chennai,13.0615444,80.2614559,60,9,6
"LAKSHMI Motors, Thoraipakkam",12.92976,80.23164,50,10,9
"Ginger Vadapalani, NGO Colony",13.05647,80.21116,30,7,1
"Gurudev Tata Motors, Arumbakkam",13.07656,80.2021,60,9,9
"FPL Vehicles, Annasali",13.03001,80.24211,60,6,0
"PPS Motors, Chinniyampalayam",11.04991,77.05765,30,5,7
"PPS Motors, Thirumangalam",9.862428,78.021557,30,5,4
"FPL Vehicles, Perumugai",12.945336,79.200662,30,5,2
"Sree Gokulam Motors, Zamin Pallavaram",12.950258,80.176003,50,5,2
"Vivera Hotels & Resorts, Bhuvanagiri",17.522471,78.924306,60,9,6
"Tanishq, Cathedral road Gopalpuram",13.04774,80.25418,30,6,9
"True Sai Motors, Avaragere",12.5306064,78.2375165,50,9,5
"True Sai Motors, Narasothipatti",11.682985,78.1260402,60,8,6
"SR Tranzcars, Saibaba Koil",11.022849,76.951635,50,6,7
"Lakshmi Motors, Ambattur",13.0883447,80.1704698,60,8,3
"Lakshmi Motors, Velachery",13.0080236,80.22165,50,8,7
"IOCL COCO Chengampalli, Salem-Kochi Highway",11.213022,77.441968,30,9,2
"Fairfield by Marriott, Mahindra World City",12.730596,80.00463,50,7,1
"Four Points by Sheraton, Chennai OMR",12.875613,80.227372,50,8,9
"IOCL Shanthi Social Services, Singanallur",11.00269216,77.0387079,50,11,9
"Motel Mamalla, SH 49",12.6325138,80.1958391,50,7,3
"Pumpkin Tales, Alwarpet",13.033655,80.255285,50,5,4
"Chima Cars, Kappalur",9.938364,78.150085,60,11,8
"Kaveri Auto Garage, Seelapadi",10.3811273,77.99681425,60,6,2
"Kaveri Auto Garage, Paravai Bit 1 village",9.9642326,78.0650107,50,7,8
"Sree Gokulam Motors, Kattuppakkam",13.0417246,80.1258208,50,6,4
"Gateway Coonoor - IHCL SeleQtions, Coonoor",11.3459974,76.801575,30,10,0
Hotel Marigold,17.437257,78.4522943,30,5,9
"Tejaswi Motors, Madhapur",17.45345,78.38334,30,11,5
"Venkataramana Motors, ECIL",17.48081,78.57715,50,5,3
"Westside, Somajiguda",17.4226,78.46136,30,9,5
"Croma, Attapur",17.359176,78.426285,60,11,6
"Croma, Kompally",17.531882,78.485644,50,6,9
"Sarath City Capital Mall, Whitefields",17.457774,78.36396,60,7,4
"7 Food Court, NH 65 -Rayangudem",17.150628,79.577475,50,6,4
"Hotel Vididhi, Kothagudam",16.991031,79.44047,50,10,0
"Select Cars, Hyderabad Rd - Kothirampur",18.417928,79.13639,30,5,4
"Orange Auto, Hafeezpet",17.490308,78.354536,30,10,2
"Fairfield by Marriott,Gachibowli",17.423858,78.347334,50,9,6
"Malik Cars, Old Bowenpally",17.478362,78.4737723,50,9,2
"Daspalla Hotels, Jubilee Hills",17.4368304,78.3983261,50,5,9
IOC MADINAGUDA,17.494851,78.336467,30,7,8
HMR MADHAPUR,17.435968,78.40003,50,7,4
MG HYDERABAD JUBILEE HILLS,17.523923,78.430328,50,10,0
HMR BEGUMPET,17.438229,78.457263,60,9,3
IOC BEGUMPET,17.444838,78.466949,50,8,9
"Shree Dev Wheels, Acharya Nagar",26.755089,82.141261,60,6,5
AARGO ASLI PAPPU DHABA,27.832687,77.418785,30,10,2
"Sagar Motors EV, Surajpur",28.45782,77.52322,60,6,2
"Society Motors, MACROBERTGANJ",26.482346,80.329394,60,5,6
"Beeaar Autowheels, Chinhat",26.872061,81.036465,50,6,2
"NRL Cars, Nagla Padi",27.21132,77.99742,60,9,7
"Keshav Raj, Rampur Road",28.382444,79.3860164,50,7,5
"Sara Automobile, Dobhi",24.525355,84.932182,50,6,1
"Ashok Auto Sales, Civil Lines",27.200798,78.008796,60,11,1
"MIDAS, Muzzafarnagar",29.4585464,77.7397628,50,10,4
"SRM Motors, Vikas Nagar",26.900894,80.964231,30,6,2
"Sagar Motors, Sector 5 Noida",28.59093,77.31969,30,8,8
"One Awadh Centre, Gomti Nagar",26.86372513,81.01027566,50,9,4
"Pacific Mall, Sahibabad",28.6461808,77.3207891,30,5,2
"Puneet Automobiles, Faizabad Road",26.892843,81.0728,60,5,9
"HPCL - Badarpur Service Station, Gazipur",28.6197025,77.3411839,30,7,0
IOCL - Tyagi Brothers Service Station,28.6195483,77.4838183,50,6,8
IOCL - Vibhor S Station,28.7712124,78.0976854,30,8,3
IOCL - Agarwal  Service Station,29.4118349,77.7006719,60,8,5
"Bikano Restaurant, NH-58",29.5248148,77.7195782,30,6,3
"Fun & Food Carnival, NH 58",29.3097043,77.7221041,50,7,1
"Devarana, Delhi-Dehradun Highway",29.3313177,77.721274,60,5,7
"GenX Agra, NH 19",27.22078133,77.93095398,30,8,7
"GenX Le Crescent, Indirapuram",28.6466309,77.384303,60,6,8
GenX Corbett Tiger Den,29.313755,79.1950917,50,6,3
Sparsh Hotels by Clarks Collection,28.3826,79.386066,50,11,6
"Grand Vehicles, Mahobewala",30.2683877,77.984897,60,10,7
"Pacific Mall, Rajpur Road",30.3662595,78.070528,60,10,0
"One Earth Haridwar, Motichur",29.9787383,78.1818067,60,11,2
"Gardenia SPA & Resort, Sec 11",29.9512388,78.0759131,60,9,4
"Hotel Flora, Shivalik Nagar",29.9276885,78.0648679,50,7,4
Clarks Collection Epicure,30.3430197,77.9539417,30,8,2
"Auto Hi-Tech, Southern Avenue",22.531074,88.385612,60,9,3
"Banerjee Automobiles, NH 2 Chandul",23.2738959,87.8094992,50,11,2
"Rangeet Auto, NH 31",26.323416,89.484913,50,5,3
"Rangeet Auto, Sevoke Road",26.750937,88.439995,50,11,0
"Tata Steel, Park Street",22.547449,88.349602,60,11,7
"Lexus Motors, New Town",22.620585,88.461154,50,6,4
"IOCL Drive-In, Belgachia",22.607396,88.392281,50,5,3
"IOCL RO u00e2u0080u0093 Basanti Hwy, Bayarmari",22.4380501,88.763395,50,10,6
"Hotel Artland, Old Digha Purba",21.624423,87.528599,50,10,3
"IOCL - PIONEER AUTO SERVICE, Bagdogara",26.7006026,88.3293524,50,9,6
The Golkonda Hotel,17.4,78.45,50,6,5
Sri Sai Dhaba - Jedcharla,16.42,77.94,50,7,5
Palm Meadows,17.56,78.48,50,7,8
Sohini Tech Park,17.42,78.35,30,9,3
Hotel Gangothri,13.83,77.74,50,6,9
Exotikka Restaurant,14.65,77.58,50,10,2
"Magenta TTC, Turbhe",19.0685788,73.022744,30,7,4
The Fern An Ecotel Hotel,18.76284112,73.4267514,60,9,1
"Hotel Fern Zinc, Whitefield",12.9778518,77.7566714,50,5,0
Amanora Park Town,18.51848416,73.94137686,60,10,0
"Magenta TTC, Turbhe",19.0685788,73.022744,50,10,5
Xavier Institute of Engineering,19.04527839,72.84168159,30,10,7
"HPCL auto care, Sajgaon",18.79344,73.297239,30,5,6
"Magenta TTC, Turbhe",19.0685788,73.022744,50,10,1
"UK 27, The Fern",15.87491249,74.51340824,50,6,8
Fern Residency Karad,17.2976094,74.16633302,60,5,1
"Anjappar Chettinad A/C Restaurant, Nazarathpettai",13.04691388,80.0793241,60,8,8
"Ocean Spray Resort, Manjakuppam",12.06587465,79.88027083,30,6,5
"Prashanth Charging Station, Chidambaram",11.40802995,79.67390344,30,11,9
Hotel Gem Park,11.42,76.7,60,11,2
Hotel Aryaas Veg | Pallikonda,12.9071309,78.9620183,30,5,6
Hotel Sri Nanjundeshwara I Tumkur,13.2852419,77.1829955,30,7,3
Cassia Restaurant I Alappuzha,9.5188743,76.3274171,30,10,6
Wyte Portico Hotel I Adoor,9.1621728,76.7219365,50,5,3
Hotel Kalyan Grand I Vandalur,12.8735113,80.0785537,30,7,4
Hotel Subbanna | Karur,10.9577783,78.0605855,30,11,6
A S M ABDUL CADER AND CO,12.99431,80.18706,30,6,5
"BP,GHAR-MARAIMALAI NAGAR",12.78326,80.01671,30,5,3
SAKTHI MADUMALAR AGENCIES,12.43395,79.83235,50,11,4
SRI VENNI AGENCIES,12.16381,79.61146,50,5,0
RAVIE AGENCIES,12.06382,79.54755,50,6,5
BP-ULUNDURPET,11.71881,79.33575,60,5,2
BP-TRICHY,11.03248,78.80801,50,5,3
KARTHIK AGENCIES,11.00462,78.78876,60,11,5
SRI RAJAN ENTERPRISES,10.02184,78.31352,50,5,1
BP-OTHAKKADAI,9.9445,78.15418,50,10,0
Charge Zone,20.38000422,72.914853,60,10,5
Charge Zone,19.62751783,73.44803503,60,8,8
Charge Zone,18.79104859,73.29845541,60,10,5
Charge Zone,19.133659,72.900817,30,11,9
Charge Zone,18.9862222,72.8149436,50,6,5
Charge Zone,27.857413,76.2640464,50,7,2
Charge Zone,28.0236646,77.9738421,30,6,1
Charge Zone,12.9792332,77.728456,50,6,9
Tata Power ,22.52299,88.29081,60,11,8
Tata Power ,23.498815,87.377675,50,10,1
Tata Power ,21.623312,87.508939,30,10,3
Tata Power ,29.006961,79.401351,30,6,7
Tata Power ,29.458587,79.145012,30,10,4
Tata Power ,29.947655,78.155635,50,9,4
Tata Power ,29.947749,78.075249,30,11,3
Tata Power ,28.592257,77.322172,30,11,5
Tata Power ,28.346036,77.513608,60,8,7
Tata Power ,28.9482803,77.6754855,60,8,2
Tata Power ,26.7737236,80.9005077,50,7,3
Tata Power ,23.8620683,91.2822391,50,8,0
Tata Power ,17.517565,78.380926,30,11,1
Tata Power ,17.561621,78.4303171,30,7,7
Tata Power ,12.7170751,77.876026,30,5,4
Tata Power ,26.88776,75.7680401,60,9,5
Tata Power ,26.9142719,75.7533201,30,9,1
Tata Power ,26.409926,74.661819,30,7,2
Tata Power ,31.599201,74.89145,30,9,8
Tata Power ,20.97918833,86.0273,60,7,6
Tata Power ,11.630305,92.724835,60,6,2
Tata Power ,26.1474785,91.8145291,50,8,1
Tata Power ,25.7952561,87.5593019,60,5,0
Tata Power ,21.255366,81.62943,50,10,2
Tata Power ,18.095949,75.068207,50,9,1
Tata Power ,18.567199,73.812297,50,10,2
Tata Power ,18.98164,73.11555,30,6,7
Tata Power ,19.03639,73.029907,50,7,0
Tata Power ,28.7036992,77.2044734,30,8,6
Tata Power ,28.709831,77.17765,60,11,0
Tata Power ,28.6912791,77.1523963,50,9,7
Tata Power ,21.154062,79.013159,60,6,8
Tata Power ,18.92279506,72.83351898,50,8,1
Tata Power ,28.6981417,77.1164514,50,9,0
Tata Power ,28.6321091,77.1372683,60,5,3
Tata Power ,19.118831,72.87823,60,6,2
Tata Power ,28.735847,77.093263,60,5,3
Tata Power ,28.6591233,77.1436388,50,11,9
Tata Power ,28.6449172,77.2025135,60,8,0
Tata Power ,19.094122,72.85223,30,8,9
Tata Power ,23.076996,72.5896645,60,8,2
Tata Power ,23.047141,72.531013,60,10,6
Tata Power ,22.922329,72.711943,30,9,9
Tata Power ,23.03577,72.51,60,6,5
Tata Power ,22.973461,72.582288,50,10,7
Tata Power ,22.269902,70.741577,30,8,7
Tata Power ,20.414322,72.91809,50,9,2
Tata Power ,28.3628,77.314851,50,5,7
Tata Power ,19.068262,72.890964,60,9,8
Tata Power ,18.90173,73.23436,30,11,4
Tata Power ,19.26433634,74.82719974,60,6,8
Tata Power ,23.1891128,77.4515544,50,10,6
Tata Power ,9.2744022,76.7637408,60,10,5
Tata Power ,10.0297934,77.0458592,50,7,8
Tata Power ,28.3904593,76.9592003,30,6,9
Tata Power ,28.411072,77.040546,30,9,2
Tata Power ,32.7064117,74.8792033,50,7,6
Tata Power ,12.885716,74.843476,60,11,1
